K,row_type,run_id,run_count,period_count,period_inference_service_sum_mean_ms,period_inference_service_sum_median_ms,period_inference_service_sum_p95_ms,period_inference_service_sum_p99_ms,periods_service_sum_over_33p33ms,period_service_sum_over_33p33_pct,period_service_sum_after_first_1s_mean_ms,period_service_sum_after_first_1s_over_period_pct
1,run,run01,1,1800,12.141193860555555,12.331819,14.1937248,14.55888859,0,0.0,12.234429139548022,0.0
1,run,run02,1,1800,12.327796144444445,12.6007455,14.076541549999998,14.418540539999999,0,0.0,12.417307332768361,0.0
1,run,run03,1,1800,11.80077591888889,11.9107705,14.0415432,14.393498169999999,0,0.0,11.89031273841808,0.0
1,run,run04,1,1800,12.252373702222222,12.3647285,14.20404685,14.56302775,0,0.0,12.344081915254238,0.0
1,run,run05,1,1800,11.955948081666667,12.099323,13.99266015,14.34456412,0,0.0,12.039867327118644,0.0
1,mean,ALL,5,1800.0,12.095617541555557,12.2614773,14.10170331,14.455703834,0.0,0.0,12.185199690621468,0.0
1,sample_sd,ALL,5,0.0,0.21621501964615353,0.2645755814348238,0.09365484310200785,0.099709838906409,0.0,0.0,0.21772739144970962,0.0
1,min,ALL,5,1800.0,11.80077591888889,11.9107705,13.99266015,14.34456412,0.0,0.0,11.89031273841808,0.0
1,max,ALL,5,1800.0,12.327796144444445,12.6007455,14.20404685,14.56302775,0.0,0.0,12.417307332768361,0.0
2,run,run01,1,1800,11.355889601666666,11.1384775,12.6825925,13.11169655,1,0.05555555555555555,11.362555018644068,0.0
2,run,run02,1,1800,11.709980547777777,11.638982,13.072657099999999,14.012505959999999,1,0.05555555555555555,11.711067272881355,0.0
2,run,run03,1,1800,11.654343994444444,11.4988335,13.1902689,13.97062339,1,0.05555555555555555,11.659968349152543,0.0
2,run,run04,1,1800,11.790394398888889,11.5127445,13.335642,13.9656441,1,0.05555555555555555,11.799328833898306,0.0
2,run,run05,1,1800,11.59495367,11.4664,12.85555295,13.21224996,1,0.05555555555555555,11.605329794915255,0.0
2,mean,ALL,5,1800.0,11.621112442555555,11.451087499999998,13.027342690000001,13.654543991999997,1.0,0.05555555555555556,11.627649853898307,0.0
2,sample_sd,ALL,5,0.0,0.16483756672673153,0.18664477895959203,0.2607734737657339,0.4514237448342875,0.0,7.757919228897728e-18,0.16450689940744923,0.0
2,min,ALL,5,1800.0,11.355889601666666,11.1384775,12.6825925,13.11169655,1.0,0.05555555555555555,11.362555018644068,0.0
2,max,ALL,5,1800.0,11.790394398888889,11.638982,13.335642,14.012505959999999,1.0,0.05555555555555555,11.799328833898306,0.0
3,run,run01,1,1800,13.993817225555556,13.9305005,14.554953150000001,15.082601709999999,1,0.05555555555555555,13.960866938418079,0.0
3,run,run02,1,1800,13.888334602777777,13.792513,14.427485,14.83133338,1,0.05555555555555555,13.85902177740113,0.0
3,run,run03,1,1800,13.894024291666666,13.8314435,14.45403665,14.836592060000001,1,0.05555555555555555,13.870128090960453,0.0
3,run,run04,1,1800,13.96434977,13.9101665,14.4624986,14.760764129999998,1,0.05555555555555555,13.931094450282487,0.0
3,run,run05,1,1800,13.90330100777778,13.7855235,14.601773099999999,15.13317253,1,0.05555555555555555,13.881034470621469,0.0
3,mean,ALL,5,1800.0,13.928765379555557,13.8500294,14.5001493,14.928892761999998,1.0,0.05555555555555556,13.900429145536725,0.0
3,sample_sd,ALL,5,0.0,0.04740257545720873,0.06690786914519144,0.07442262911283225,0.16707868940525183,0.0,7.757919228897728e-18,0.04359462461972574,0.0
3,min,ALL,5,1800.0,13.888334602777777,13.7855235,14.427485,14.760764129999998,1.0,0.05555555555555555,13.85902177740113,0.0
3,max,ALL,5,1800.0,13.993817225555556,13.9305005,14.601773099999999,15.13317253,1.0,0.05555555555555555,13.960866938418079,0.0
4,run,run01,1,1800,18.523912803333335,18.4388545,19.05474025,19.930868789999998,1,0.05555555555555555,18.488856010734466,0.0
4,run,run02,1,1800,18.408503742777775,18.329474,18.858793149999997,19.53256729,1,0.05555555555555555,18.373577232768362,0.0
4,run,run03,1,1800,18.55503468166667,18.468152,19.1038183,19.59660779,1,0.05555555555555555,18.517077198870055,0.0
4,run,run04,1,1800,18.33254244722222,18.2430335,18.84715735,19.59677894,1,0.05555555555555555,18.28076756214689,0.0
4,run,run05,1,1800,18.486614997777778,18.3936545,19.0587863,19.785576199999998,1,0.05555555555555555,18.448899433333334,0.0
4,mean,ALL,5,1800.0,18.461321734555558,18.374633699999997,18.98465907,19.688479801999996,1.0,0.05555555555555556,18.421835487570622,0.0
4,sample_sd,ALL,5,0.0,0.09043416474560809,0.09026320618654686,0.12181347722262087,0.16533175593852098,0.0,7.757919228897728e-18,0.09555654084959588,0.0
4,min,ALL,5,1800.0,18.33254244722222,18.2430335,18.84715735,19.53256729,1.0,0.05555555555555555,18.28076756214689,0.0
4,max,ALL,5,1800.0,18.55503468166667,18.468152,19.1038183,19.930868789999998,1.0,0.05555555555555555,18.517077198870055,0.0
5,run,run01,1,1800,23.107314943888888,22.7248115,25.684275,27.208073229999997,3,0.16666666666666669,23.02731496101695,0.0
5,run,run02,1,1800,23.541223693333333,22.814178,27.14893255,28.4523527,1,0.05555555555555555,23.48875661920904,0.0
5,run,run03,1,1800,22.94623655722222,22.61178,25.454684649999997,27.104713219999997,2,0.1111111111111111,22.889930997175142,0.05649717514124294
5,run,run04,1,1800,23.00277610277778,22.678288,25.2870945,27.07101687,2,0.1111111111111111,22.93166486384181,0.0
5,run,run05,1,1800,22.999885165,22.6680585,25.42627505,27.146582669999997,1,0.05555555555555555,22.930988414689264,0.0
5,mean,ALL,5,1800.0,23.119487292444443,22.6994232,25.800252349999994,27.396547738,1.8,0.1,23.05373117118644,0.011299435028248588
5,sample_sd,ALL,5,0.0,0.2428743223571388,0.07570502211098641,0.7672998212563769,0.5924244730526911,0.8366600265340756,0.04648111258522643,0.24836536657432298,0.025266304830506098
5,min,ALL,5,1800.0,22.94623655722222,22.61178,25.2870945,27.07101687,1.0,0.05555555555555555,22.889930997175142,0.0
5,max,ALL,5,1800.0,23.541223693333333,22.814178,27.14893255,28.4523527,3.0,0.16666666666666669,23.48875661920904,0.05649717514124294
6,run,run01,1,1800,28.803093426666667,27.849711,32.09759525,34.21058418,27,1.5,28.728132524293784,1.1864406779661016
6,run,run02,1,1800,30.312646858333334,29.5068485,36.2962385,41.66738175,275,15.277777777777779,30.273453972316386,15.254237288135593
6,run,run03,1,1800,29.364647829444447,28.323015,32.7194247,35.64508323,64,3.5555555555555554,29.28229166836158,3.1073446327683616
6,run,run04,1,1800,29.32058002388889,28.2431195,33.0921971,35.71843544,83,4.611111111111111,29.2485249519774,4.23728813559322
6,run,run05,1,1800,29.292133141666664,28.316825,32.4476989,35.05990503,52,2.888888888888889,29.21398487118644,2.3163841807909606
6,mean,ALL,5,1800.0,29.418620256000004,28.4479038,33.330630889999995,36.460277925999996,100.2,5.566666666666667,29.349277597627122,5.220338983050847
6,sample_sd,ALL,5,0.0,0.5492451054269626,0.6232804299292778,1.6974390978672533,2.9728340476294473,99.80330655845026,5.544628142136125,0.5641067066195915,5.71873102880196
6,min,ALL,5,1800.0,28.803093426666667,27.849711,32.09759525,34.21058418,27.0,1.5,28.728132524293784,1.1864406779661016
6,max,ALL,5,1800.0,30.312646858333334,29.5068485,36.2962385,41.66738175,275.0,15.277777777777779,30.273453972316386,15.254237288135593
7,run,run01,1,1800,36.83929290166667,36.8368085,43.0670266,47.28311909,1545,85.83333333333333,36.76358476666667,85.64971751412429
7,run,run02,1,1800,36.54685091166667,36.376823,42.867600350000004,46.512199609999996,1529,84.94444444444444,36.42903857175141,84.80225988700565
7,run,run03,1,1800,36.91892501555555,36.8116355,43.11884585,46.88793025,1543,85.72222222222223,36.83456989548022,85.48022598870057
7,run,run04,1,1800,36.90091038111111,36.9453485,42.766194299999995,46.68619974,1544,85.77777777777777,36.81957008813559,85.53672316384181
7,run,run05,1,1800,36.72733704388889,36.701809,42.5629673,46.8703788,1539,85.5,36.62590106101695,85.2542372881356
7,mean,ALL,5,1800.0,36.78666325077778,36.7344849,42.87652688,46.847965498,1540.0,85.55555555555556,36.69453287661017,85.34463276836158
7,sample_sd,ALL,5,0.0,0.1535781707942122,0.21787355344023462,0.22670531417404796,0.2873869682784922,6.557438524302,0.36430214023899954,0.16971327766596217,0.33567120401159306
7,min,ALL,5,1800.0,36.54685091166667,36.376823,42.5629673,46.512199609999996,1529.0,84.94444444444444,36.42903857175141,84.80225988700565
7,max,ALL,5,1800.0,36.91892501555555,36.9453485,43.11884585,47.28311909,1545.0,85.83333333333333,36.83456989548022,85.64971751412429
