acquisition_id,round,trace,policy,phase,K,arrival_start_s,arrival_end_s,arrival_count,miss_count,DMR_percent,local_mean_ms,local_p95_ms,local_p99_ms,queue_mean_ms,queue_p95_ms,queue_p99_ms,service_mean_ms,service_p95_ms,service_p99_ms,start_lag_mean_ms,start_lag_p95_ms,start_lag_p99_ms,front_end_mean_ms,front_end_p95_ms,front_end_p99_ms,calendar_completed_fps,time_mean_ready_queue,peak_ready_queue,time_mean_unfinished_backlog,peak_unfinished_backlog,time_mean_generated_unfinished,peak_generated_unfinished,time_mean_A,peak_A
primary_01,1,B,FIXED_C4,0,7,0,15,3150,1687,53.5555555555556,57.3903464142857,222.16033755,293.92612517,23.6577848949206,161.3119871,198.23942199,15.1857401187302,19.1910922,22.5713464,4.37689926126984,5.05867364999999,155.973073619999,14.1699221393651,18.42880095,28.5340171099999,209.8,4.96813482793333,49,12.0504403026,67,11.994307041,67,3.18747298053333,4
primary_01,1,B,FIXED_C4,1,6,15,30,2700,885,32.7777777777778,31.119401257037,38.8026667,40.75719685,4.23953466296296,14.9535258,16.5083783,14.1251404288889,18.5786001,20.01289359,0.581689111851852,1.98259175,3.64744574999999,12.1730370533333,14.90652785,16.71585548,180.066666666667,0.763116239333333,4,5.60253358846667,12,5.57255868273333,12,2.5435666394,4
primary_01,1,B,FIXED_C4,2,7,30,45,3150,1433,45.4920634920635,34.5558410933333,45.52850465,48.20286734,5.42365650380952,15.0790213,16.96657905,14.9097398622222,18.84309845,21.37229074,0.929349427301587,3.27939685,5.15908078999999,13.2930953,16.986256,19.04279526,209.866666666667,1.1389678658,9,7.25411329433333,14,7.20729892853333,14,3.1284320358,4
primary_01,1,B,FIXED_C4,3,6,45,60,2700,853,31.5925925925926,30.8869606892593,38.7384522,40.19046008,4.17403369814815,14.71389305,16.32645152,14.0690805333333,18.38454525,19.78087023,0.554441601481481,1.88745345,3.16946814,12.0894048562963,14.79464605,16.61184541,180.133333333333,0.751326065666667,4,5.5619483978,10,5.53388767766667,10,2.53472996973333,4
primary_02,1,A,FIXED_C2,0,6,0,15,2700,1044,38.6666666666667,39.063107882963,142.27380995,201.128482349998,15.4791112262963,94.2138795999998,140.72159045,8.76942113333333,10.3745499,12.67585463,2.23570288518519,2.3839788,83.4190190499993,12.5788726381481,15.4851361,19.79585811,179.866666666667,2.78624002073333,34,7.03072180666667,40,6.9993454646,40,1.57785819173333,2
primary_02,1,A,FIXED_C2,1,7,15,30,3150,1418,45.015873015873,32.5293908079365,46.60471805,51.94900669,10.2391636869841,22.9104151,26.26396452,8.58670203269841,10.72399625,12.68784807,0.737856007301588,2.61000185,4.48588293999999,12.9656690809524,16.7740746,18.84974655,209.933333333333,2.149999127,8,6.83065829893333,13,6.7915482752,13,1.8029189034,2
primary_02,1,A,FIXED_C2,2,6,30,45,2700,852,31.5555555555556,28.5012093177778,38.5673118,40.03180634,7.30927877148148,15.833223,16.82404959,8.62028025111111,9.9386453,11.01353315,0.610892572962963,1.9823133,3.64337298999999,11.9607577222222,14.6226582,16.45950966,180.066666666667,1.31589542613333,6,5.13078290106667,11,5.10079230193333,11,1.5519904218,2
primary_02,1,A,FIXED_C2,3,7,45,60,3150,1348,42.7936507936508,31.688554752381,44.73325875,47.31302526,9.72825949936508,22.4585955,24.3948315,8.51777350126984,10.4773379,12.09667848,0.717590096825397,2.54569915,4.47731294,12.7249316549206,16.2428379,18.25150112,209.933333333333,2.0424161004,7,6.6533749268,12,6.61821088153333,12,1.78802925853333,2
primary_03,1,A,K_LOOKUP_C2_C4,0,6,0,15,2700,1125,41.6666666666667,49.7652864037037,218.8436707,321.76826385,23.5803482785185,162.27928255,214.73944823,8.8102922737037,10.51315165,13.28448024,4.55883315444444,3.04700845,171.607589439999,12.815812697037,15.70833975,19.38966196,179.866666666667,4.24446269013333,53,8.95710405306667,59,8.92136478246667,59,1.58520510966667,2
primary_03,1,A,K_LOOKUP_C2_C4,1,7,15,30,3150,1426,45.2698412698413,34.7417582971429,45.3225286,47.67914999,5.49974649396825,15.2268532,17.04986917,15.0027547142857,18.99815055,21.65776092,0.975435271111111,3.3204765,4.98630411999999,13.2638218177778,17.04241635,18.81551801,209.933333333333,1.15494676373333,5,7.29445558906667,13,7.25227016573333,13,3.14926483666667,4
primary_03,1,A,K_LOOKUP_C2_C4,2,6,30,45,2700,884,32.7407407407407,28.77929375,38.74671185,40.26390479,7.49582593037037,16.00383935,16.93331129,8.6910952337037,9.9789616,11.29527002,0.617799388888889,1.94555025,3.74256434,11.974573197037,14.48927875,16.54858967,180.066666666667,1.34924866746667,7,5.1815980922,11,5.15230035753333,11,1.56572235926667,3
primary_03,1,A,K_LOOKUP_C2_C4,3,7,45,60,3150,1429,45.3650793650794,34.863824435873,45.4530613,47.77986343,5.66326033142857,15.41577215,16.9333191,15.0627180984127,18.89865895,21.27054897,1.00457466412698,3.16601975,5.55934172,13.1332713419048,16.84455815,18.57398742,209.733333333333,1.1888690614,6,7.3185767854,14,7.27143879233333,14,3.16076006273333,4
primary_04,1,B,FIXED_C2,0,7,0,15,3150,2566,81.4603174603175,129.481613466667,285.48286555,308.87863141,103.266445771429,256.0691335,270.98693525,9.04648419619048,11.90659685,14.67174393,3.21434028412698,3.66985959999999,119.10315962,13.9543432149206,17.95886795,21.30734062,209.8,21.6856920564,60,27.189972948,65,27.1481810551333,65,1.8988573568,2
primary_04,1,B,FIXED_C2,1,6,15,30,2700,876,32.4444444444444,28.6494306481482,38.5296828,39.67870429,7.39514917740741,15.9742201,16.97722475,8.64944853296296,10.0176802,10.91979395,0.567354503333333,1.86903695,3.36088169999999,12.0374784344444,14.6398542,16.23487982,180.066666666667,1.33138840753333,4,5.157472821,9,5.1277407844,9,1.55721448466667,2
primary_04,1,B,FIXED_C2,2,7,30,45,3150,1387,44.031746031746,32.16385986,45.4104703,49.15248422,9.90726041555556,22.7727571,24.4132428,8.52381942031746,10.52170735,12.13952571,0.73262996063492,2.69190124999999,4.55390391,13.0001500634921,16.51267625,18.52803632,209.933333333333,2.08027911253333,8,6.7538061886,13,6.7186433198,13,1.789643271,2
primary_04,1,B,FIXED_C2,3,6,45,60,2700,876,32.4444444444444,28.5060551855556,38.259552,39.24791135,7.4069594362963,15.99210915,16.81535988,8.64623407814815,9.8659386,10.67566457,0.574662344074074,1.8790066,3.20170959,11.878199327037,14.28815405,16.26849106,180.066666666667,1.33349827326667,4,5.13211466326667,9,5.1035117956,9,1.5571012892,2
primary_05,1,B,K_LOOKUP_C2_C4,0,7,0,15,3150,1714,54.4126984126984,53.2320867806349,192.65700945,248.8288113,20.5520358431746,131.9171469,181.69085327,15.3648573190476,19.60674195,23.31208407,3.16152427047619,4.21712555,104.19035106,14.1536693479365,18.7013979,22.9878289,209.8,4.31592752706667,47,11.1771731434,58,11.1224182584667,57,3.22505495646667,4
primary_05,1,B,K_LOOKUP_C2_C4,1,6,15,30,2700,871,32.2592592592593,28.6478168237037,38.5482262,40.00057633,7.31586856703704,15.76881005,16.83088392,8.61616411962963,10.028208,11.02827005,0.587127591111111,1.93430835,3.59626527999999,12.1286565459259,14.78845925,16.60425902,180.066666666667,1.31685634206667,4,5.15768311273333,9,5.12775147886667,9,1.551985626,3
primary_05,1,B,K_LOOKUP_C2_C4,2,7,30,45,3150,1434,45.5238095238095,34.6962292111111,45.33403725,47.91595145,5.45641310190476,15.2143683,16.8338553,14.9496836822222,18.833414,21.14327838,0.933869636190476,3.17690275,5.00641882999999,13.3562627907937,17.2369556,19.54273341,209.933333333333,1.1458467514,6,7.28568587033333,14,7.23956197606667,14,3.13891130926667,4
primary_05,1,B,K_LOOKUP_C2_C4,3,6,45,60,2700,872,32.2962962962963,28.5921345496296,38.44703225,39.67444201,7.34803904666667,15.80373955,16.92378703,8.63035092,9.92401585,11.23225741,0.544423975925926,1.8492926,2.99565095999999,12.069320607037,14.62426015,16.42334127,180.066666666667,1.3226470284,4,5.147110211,9,5.11838994986667,9,1.55398915766667,3
primary_06,1,A,FIXED_C4,0,6,0,15,2700,1003,37.1481481481481,40.4373385151852,117.544171049999,245.60232556,10.032679227037,61.2401987999997,136.28611047,14.3468323148148,18.9279151,21.4936481799999,3.12685771518519,2.66515645,116.339321029999,12.9309692581481,16.06260445,21.20922971,179.866666666667,1.80588226086667,39,7.27778322366667,52,7.24518437333333,52,2.5814921076,4
primary_06,1,A,FIXED_C4,1,7,15,30,3150,1439,45.6825396825397,34.6628796638095,45.4415193,47.95924705,5.45892434603175,15.27030885,17.03148834,14.9330582234921,19.06807205,21.48168447,0.949327558730159,3.3641286,5.0064992,13.3215695355556,16.92639145,18.91742356,209.8,1.14634571313333,6,7.2784080168,14,7.23446090186667,14,3.13517391386667,4
primary_06,1,A,FIXED_C4,2,6,30,45,2700,872,32.2962962962963,30.9937937640741,38.7285186,40.69302474,4.1664339662963,14.5551428,16.23849455,14.108503382963,18.3964772,19.72247396,0.602773373703704,1.96815325,3.39973102999999,12.1160830411111,14.83165005,16.33834446,180.2,0.749986513466667,4,5.57945490746667,12,5.54868652753333,12,2.54007423933333,4
primary_06,1,A,FIXED_C4,3,7,45,60,3150,1424,45.2063492063492,34.483824735873,45.1038616,47.84139627,5.41423928952381,15.05849845,16.63728517,14.8886878174603,18.98579915,21.13261866,0.957997643492064,3.38390695,5.51754523999997,13.2228999853968,16.73974545,18.53322866,209.933333333333,1.1369902508,5,7.2405630166,14,7.1937507134,14,3.12558426373333,4
primary_07,2,B,FIXED_C2,0,7,0,15,3150,3150,100,345.31377609746,373.2721638,385.84315533,316.203839914921,345.0460674,351.26621665,9.42048449174603,12.92201515,16.0162216,5.02998445174603,4.61241175,184.53771669,14.6594672390476,18.7225855,22.07808379,206.2,65.9484290360667,77,72.0288102857333,82,71.9886037611333,82,1.9455963946,2
primary_07,2,B,FIXED_C2,1,6,15,30,2700,1002,37.1111111111111,37.292750727037,98.8704929499999,237.74132424,16.0427892640741,77.4297153999996,216.35531932,8.6327974437037,10.0432699,11.21074382,0.560714217777778,1.87121565,3.25533025,12.0564498014815,14.57401485,16.43856945,183.666666666667,3.3420794136,59,7.19913037686667,63,7.1711270644,63,1.5859614398,2
primary_07,2,B,FIXED_C2,2,7,30,45,3150,1404,44.5714285714286,32.3911386285714,46.21403255,51.31720283,10.1436004463492,22.9847801,25.73523557,8.56616397492063,10.6811184,12.68658574,0.725309000952381,2.61164315,4.47040166,12.9560652063492,16.62494865,18.68448421,209.933333333333,2.12979230793333,8,6.8013676912,13,6.76609769086667,13,1.79848679973333,2
primary_07,2,B,FIXED_C2,3,6,45,60,2700,876,32.4444444444444,28.5322686944444,38.36914845,39.91466968,7.36909636777778,15.9477877,16.93890922,8.65702759185185,10.00877095,11.23514711,0.573258961851852,1.9075298,3.53221946,11.932885772963,14.3735737,16.65528414,180.066666666667,1.326801132,4,5.1365275394,9,5.1070851596,9,1.55862035513333,2
primary_08,2,B,K_LOOKUP_C2_C4,0,7,0,15,3150,1795,56.984126984127,65.9687643965079,257.939157549999,328.83662691,29.4898719346032,186.3218536,203.85672932,15.4055101387302,19.5370019,22.33699549,6.25237956984127,14.2637788999998,185.68461059,14.8210027533333,20.78874565,31.3332157399999,209.8,6.19287310626667,50,13.8518182200667,74,13.7998409364667,73,3.23353482593333,4
primary_08,2,B,K_LOOKUP_C2_C4,1,6,15,30,2700,883,32.7037037037037,28.7091653044444,38.53841745,40.12769168,7.34068707962963,15.7987575,16.84362764,8.66840713259259,10.09432695,11.60065434,0.56550383,1.85634625,3.30712481,12.1345672622222,14.77237495,16.20771229,180.066666666667,1.32132367433333,4,5.16816594846667,9,5.13963887173333,9,1.56082947753333,3
primary_08,2,B,K_LOOKUP_C2_C4,2,7,30,45,3150,1478,46.9206349206349,35.07005178,45.98011745,49.31549789,5.65179471587302,15.55590205,17.64006368,15.0958058298413,19.329096,22.41475957,0.995071685714286,3.38361895,5.15711456,13.3273795485714,17.13721115,19.01257733,209.933333333333,1.18687689033333,6,7.36444875413333,14,7.3165913008,14,3.1698571046,4
primary_08,2,B,K_LOOKUP_C2_C4,3,6,45,60,2700,865,32.037037037037,28.5483770440741,38.44907845,39.58262897,7.31117397296296,15.76396675,16.72363859,8.63233333518518,10.009228,11.06604023,0.57021493037037,1.94156915,3.27014623999999,12.0346548055556,14.73747395,16.43255535,180.066666666667,1.31601131513333,4,5.13902288653333,9,5.110542677,9,1.55413501893333,3
primary_09,2,A,FIXED_C4,0,6,0,15,2700,1001,37.0740740740741,39.2042687896296,94.72051375,229.626582239999,8.24194384407407,41.0875811499999,91.84865862,14.4440379759259,18.8781991,20.55326769,3.40926880962963,3.0799537,118.903338049999,13.10901816,16.5853994,30.6969366199999,179.866666666667,1.48354989193333,26,7.0558798822,50,7.0207498998,50,2.59903833573333,4
primary_09,2,A,FIXED_C4,1,7,15,30,3150,1426,45.2698412698413,34.6709432069841,45.27323105,47.94020809,5.42100346634921,14.8812265,16.57672895,14.9129192266667,18.80805745,21.15718642,0.991339867936508,3.65337785,5.67331643999997,13.3456806460317,17.1257325,19.09443979,209.866666666667,1.13841072793333,6,7.27888811066667,14,7.23590240553333,14,3.1297030748,4
primary_09,2,A,FIXED_C4,2,6,30,45,2700,887,32.8518518518519,31.2703949462963,38.88660205,40.57947908,4.2994390162963,14.98358125,16.76276704,14.178075512963,18.60313075,20.03947216,0.617517741111111,2.02079875,3.81168449,12.1753626759259,14.9043371,16.5814619,180.2,0.773899022933333,5,5.63131669826667,11,5.6021583618,11,2.55469920026667,4
primary_09,2,A,FIXED_C4,3,7,45,60,3150,1415,44.9206349206349,34.4598935095238,44.7746437,47.25378783,5.45074563047619,15.1692617,17.03603986,14.8672255320635,18.83181985,21.10289647,0.965098079365079,3.2694405,5.28623203999999,13.176824267619,16.7988703,18.76160947,209.866666666667,1.1446565824,6,7.23592007753333,14,7.19067187446667,14,3.12145980226667,4
primary_10,2,B,FIXED_C4,0,7,0,15,3150,1656,52.5714285714286,48.8303727012698,163.6730488,226.31328359,16.3281676580952,108.0869632,148.51070654,15.2170911311111,19.46189815,22.96374899,3.01894794793651,4.40269674999998,101.996825899999,14.266165964127,18.8935644,24.3316716199999,209.8,3.4289152082,39,10.2518978146667,52,10.2044994765333,52,3.19310868493333,4
primary_10,2,B,FIXED_C4,1,6,15,30,2700,890,32.962962962963,31.1497143048148,38.8493151,40.46805904,4.26282228222222,15.0307789,16.68222226,14.1524431351852,18.5783455,19.82581954,0.589163393703704,1.964983,3.54221751999999,12.1452854937037,14.82334,16.0562203,180.066666666667,0.7673080108,4,5.6091811854,12,5.57970016493333,12,2.54967237486667,4
primary_10,2,B,FIXED_C4,2,7,30,45,3150,1427,45.3015873015873,34.4402581146032,45.38218085,48.2312800299999,5.36032782984127,15.11099705,17.02163819,14.8671990390476,18.86125915,21.11977134,0.918780936825397,3.2808661,5.08055859,13.2939503088889,16.99763855,19.1923432,209.933333333333,1.12566884426667,6,7.23113152653333,14,7.18485561606667,14,3.12078912066667,4
primary_10,2,B,FIXED_C4,3,6,45,60,2700,871,32.2592592592593,30.9709587159259,38.7414953,40.11749632,4.20589178185185,14.7881803,16.34572504,14.0614900637037,18.3431858,19.64033311,0.57013579,1.87967635,3.30986234999999,12.1334410803704,14.6962979,16.33670536,180.133333333333,0.757060520733333,4,5.57597946746667,10,5.5464220174,10,2.53227511006667,4
primary_11,2,A,FIXED_C2,0,6,0,15,2700,1056,39.1111111111111,41.1808623577778,150.59203985,250.08192584,17.1875856688889,107.31315515,169.79644706,8.74513289666667,10.3453426,12.310296,2.63981114148148,2.3792322,103.121226849999,12.6083326507407,15.6113497,20.29373863,179.866666666667,3.0937654204,43,7.41193000593333,49,7.3776364772,49,1.57349870293333,2
primary_11,2,A,FIXED_C2,1,7,15,30,3150,1365,43.3333333333333,31.8178211473016,44.8808081,48.44266256,9.73927187015873,22.42943645,24.21643193,8.50743682507937,10.4816854,11.90779327,0.696250966666667,2.49958795,4.1550644,12.8748614853968,16.46815985,18.54162998,209.933333333333,2.04492192633333,7,6.6808852592,12,6.64597771113333,12,1.78602971793333,2
primary_11,2,A,FIXED_C2,2,6,30,45,2700,878,32.5185185185185,28.5671589137037,38.4512287,39.7980728,7.3546484237037,15.84886495,16.86701336,8.63479417518518,10.03233715,11.19823539,0.618534101851852,2.03414705,3.59408629,11.959182212963,14.4380067,16.50937972,180.066666666667,1.32416188266667,5,5.1428483844,10,5.10854300646667,10,1.55469756506667,2
primary_11,2,A,FIXED_C2,3,7,45,60,3150,1370,43.4920634920635,31.8268404180952,44.86058675,48.55472625,9.61443118888889,22.11845365,23.7512647,8.50355457079365,10.55230845,12.27298392,0.706839866666667,2.5106506,4.2970412,13.002014791746,16.93335525,18.92151096,209.8,2.0177512424,7,6.68126160866667,12,6.64424087353333,12,1.784650888,2
primary_12,2,A,K_LOOKUP_C2_C4,0,6,0,15,2700,1131,41.8888888888889,49.2615084388889,215.5402382,291.06008941,23.3858655081482,146.91008915,215.95914418,8.79694552111111,10.83202425,13.3933362599999,4.25147574592593,2.89671975,163.16928091,12.8272216637037,16.1180492,19.04105727,179.866666666667,4.20945579146667,50,8.86641425673333,56,8.8330819262,56,1.58279293153333,2
primary_12,2,A,K_LOOKUP_C2_C4,1,7,15,30,3150,1417,44.984126984127,34.6299632853968,45.21065135,48.29288149,5.5764074215873,15.4141251,17.09137321,15.0045009092063,18.9529552,21.5342919,0.987835216825397,3.3922681,5.33304458999999,13.0612197377778,16.605614,18.59015414,209.933333333333,1.17104555853333,6,7.2716613988,14,7.2277756624,14,3.1503142998,4
primary_12,2,A,K_LOOKUP_C2_C4,2,6,30,45,2700,878,32.5185185185185,28.6017639385185,38.4360139,39.95723345,7.4706483337037,16.0900095,16.99693859,8.68454938592593,10.0604846,11.25834098,0.576187014814815,1.946301,3.46811329999999,11.8703792040741,14.36606,16.22827943,180.066666666667,1.34471670006667,6,5.14899669346667,12,5.12027635433333,12,1.563898074,3
primary_12,2,A,K_LOOKUP_C2_C4,3,7,45,60,3150,1416,44.952380952381,34.6159285126984,45.3138771,47.56025689,5.65848348857143,15.49633075,16.94432086,15.0992723260317,19.01432955,20.82674517,0.924698505396825,3.1942208,4.91038884,12.9334741926984,16.3589671,18.17112807,209.933333333333,1.1882815326,6,7.26917811933333,14,7.2253789838,14,3.17068032013333,4
primary_13,3,A,K_LOOKUP_C2_C4,0,6,0,15,2700,1052,38.962962962963,41.1254370414815,156.1111984,235.65323285,17.0930361459259,106.31623085,162.46919727,8.76126915111111,10.33627875,12.85957853,2.55443343407407,2.54064814999999,99.38035293,12.7166983103704,15.59795725,19.17397979,179.866666666667,3.07674650626667,39,7.4013620422,48,7.36938443413333,48,1.57581182193333,2
primary_13,3,A,K_LOOKUP_C2_C4,1,7,15,30,3150,1435,45.5555555555556,34.551171412381,45.1937365,48.03207713,5.42654184285714,15.10715115,16.86951983,14.855238972381,18.91430405,21.21966064,0.899160134603175,3.1977659,4.74726767999999,13.3702304625397,17.01585765,18.96370492,209.933333333333,1.139573787,6,7.25594717073333,14,7.20857010146667,14,3.11980135833333,4
primary_13,3,A,K_LOOKUP_C2_C4,2,6,30,45,2700,873,32.3333333333333,28.6696362640741,38.53121905,40.53597039,7.34446907148148,15.82102905,16.75994629,8.64043233111111,9.92058165,11.22659573,0.587484005185185,1.86437565,3.25164054,12.0972508562963,14.7127059,16.59326609,180.066666666667,1.32200443286667,7,5.16085253293333,12,5.1299909382,12,1.555595825,3
primary_13,3,A,K_LOOKUP_C2_C4,3,7,45,60,3150,1428,45.3333333333333,34.6706863136508,45.2588777,47.4473428,5.50671853460317,15.18137,16.93732459,14.9933207784127,19.00678685,21.1446433,0.933896452063492,3.35711185,5.24697185999999,13.2367505485714,16.7667157,18.52158673,209.933333333333,1.15641089226667,5,7.28028433473333,14,7.23650586106667,14,3.14803757233333,4
primary_14,3,B,FIXED_C2,0,7,0,15,3150,3150,100,271.159966739048,317.9697962,325.99114073,243.744785334603,291.17070085,299.75792647,9.43992273079365,12.95838445,15.93380954,3.26034210349206,4.33532479999999,120.0170043,14.7149165701587,19.10290465,22.69021618,206.666666666667,50.8510181775333,66,56.5797168135333,71,56.5405902651333,71,1.95389431453333,2
primary_14,3,B,FIXED_C2,1,6,15,30,2700,1036,38.3703703703704,38.058692457037,120.9813039,211.92949905,16.5951025137037,97.0879855999997,189.50947783,8.70741340407407,10.20837765,12.02763181,0.59187530962963,1.8508134,3.36384785999996,12.1643012296296,15.16925605,17.48561502,183.2,3.3225051952,50,7.21357718113333,56,7.18364195506667,56,1.59496020886667,2
primary_14,3,B,FIXED_C2,2,7,30,45,3150,1370,43.4920634920635,31.9084809130159,44.7742427,48.38513525,9.82899879936508,22.4799343,24.37791321,8.48935185269841,10.4671346,12.08067535,0.71463836952381,2.51542229999999,4.42369881999999,12.8754918914286,16.43018355,18.10924549,209.933333333333,2.06370850566667,8,6.7001075626,12,6.66362434726667,12,1.78247170213333,2
primary_14,3,B,FIXED_C2,3,6,45,60,2700,877,32.4814814814815,28.662648457037,38.6165149,40.03134362,7.35225724481481,15.97381545,16.97094723,8.66551064222222,10.0163348,11.59063015,0.613154671481482,1.93327065,3.72351509,12.0317258985185,14.673696,16.60546541,179.933333333333,1.3230050916,4,5.15838635906667,9,5.12827919853333,9,1.55930276486667,2
primary_15,3,B,K_LOOKUP_C2_C4,0,7,0,15,3150,1735,55.0793650793651,53.0790271463492,179.29404085,239.71882261,19.7513968784127,123.0160404,156.39515899,15.5240079987302,19.819816,24.2469043,3.48490218349206,4.7650905,114.34384269,14.3187200857143,19.61921625,27.73912136,209.8,4.14779334446667,39,11.1446368123333,52,11.0885606816,52,3.25808279133333,4
primary_15,3,B,K_LOOKUP_C2_C4,1,6,15,30,2700,880,32.5925925925926,28.7415791007407,38.6693924,40.29108559,7.39458287592592,15.9682202,16.85403828,8.67512674407407,10.03336485,11.08124452,0.560268677777778,1.8549803,3.16041105999999,12.111600802963,14.8963766,16.85609983,180.066666666667,1.33102491766667,4,5.17486782786667,9,5.14557136,9,1.56290640366667,3
primary_15,3,B,K_LOOKUP_C2_C4,2,7,30,45,3150,1443,45.8095238095238,34.825195807619,45.6330749,49.1720724,5.55208861269841,15.485362,17.34435334,15.0318263031746,19.11902795,21.93301497,0.936032042857143,3.25260375,5.0636163,13.3052488488889,17.29528355,19.11173859,209.866666666667,1.16593860866667,7,7.31174989913333,14,7.26455009406667,14,3.1551423032,4
primary_15,3,B,K_LOOKUP_C2_C4,3,6,45,60,2700,874,32.3703703703704,28.6783878748148,38.5901727,40.2240559,7.39655754037037,15.95863145,16.83910896,8.67601293148148,9.9542106,11.36409292,0.570396697777778,1.90328075,3.30671344999999,12.0354207051852,14.6919366,16.60005271,180.066666666667,1.33103262073333,4,5.16309282833333,10,5.13501869666667,10,1.56301307506667,4
primary_16,3,A,FIXED_C4,0,6,0,15,2700,1075,39.8148148148148,53.0422594737037,248.04847445,386.072216719999,13.7702120785185,104.42861715,118.94889263,14.6297842825926,18.8535323,20.39437453,10.8784458055556,89.5963928499996,247.215833349998,13.763817307037,22.8716525,32.21154235,179.866666666667,2.47863817413333,31,9.547259077,78,9.512756322,78,2.6330135426,4
primary_16,3,A,FIXED_C4,1,7,15,30,3150,1402,44.5079365079365,34.5978668857143,45.13888715,47.85849027,5.57844300253968,15.44277185,16.79328201,15.0103202704762,18.8777675,20.6117232,0.954518151111111,3.1739128,5.1359758,13.0545854615873,16.607052,18.48031952,209.866666666667,1.17147303053333,6,7.26352859133333,14,7.21787997226667,14,3.15014380213333,4
primary_16,3,A,FIXED_C4,2,6,30,45,2700,891,33,31.1961122577778,38.9635888,40.50579278,4.41472431111111,15.38798795,16.73652722,14.2255601362963,18.64917495,20.09234568,0.616732870740741,2.0256952,3.70213388999999,11.9390949396296,14.5808489,16.22864019,180.133333333333,0.794650376,4,5.6169045474,12,5.58673265893333,12,2.56220516553333,4
primary_16,3,A,FIXED_C4,3,7,45,60,3150,1428,45.3333333333333,34.7403390803175,45.46555755,48.53353159,5.66898935301587,15.39854615,17.37207464,15.0999475888889,19.0062917,21.89468739,0.97480817968254,3.34170595,5.14904328999999,12.9965939587302,16.57073115,18.33874365,209.933333333333,1.19048776413333,6,7.29516863286667,14,7.25107704406667,14,3.17068641966667,4
primary_17,3,B,FIXED_C4,0,7,0,15,3150,1785,56.6666666666667,62.1612090377778,241.19254645,306.44240365,26.7035685730159,173.07254805,195.90313557,15.5497002965079,19.76125375,22.30255626,5.31106618634921,8.91701394999986,162.6441754,14.5968739819048,19.6251305,31.27320371,209.8,5.60774940033333,49,13.0525530070667,70,12.990663307,69,3.2641361714,4
primary_17,3,B,FIXED_C4,1,6,15,30,2700,887,32.8518518518519,31.2628154622222,38.9553571,40.24350827,4.38053862444444,15.34672305,16.83333543,14.2580237081481,18.6958009,19.85674325,0.583589577777778,1.8635732,3.40501919,12.0406635518519,14.51964015,16.47649507,180.066666666667,0.7884969524,4,5.62822225633333,10,5.59774624666667,10,2.5673597406,4
primary_17,3,B,FIXED_C4,2,7,30,45,3150,1456,46.2222222222222,34.8653147412698,45.6958809,48.90416463,5.52779212920635,15.3161224,17.18966363,15.0596223053968,19.0717391,21.40469478,0.967917923174603,3.40581645,5.4872291,13.3099823834921,17.00972405,19.35927588,209.933333333333,1.16083634713333,6,7.32044098093333,14,7.27638322326667,14,3.1612455694,4
primary_17,3,B,FIXED_C4,3,6,45,60,2700,890,32.962962962963,31.2801704792593,38.99295565,40.47482123,4.38207419111111,15.15961885,16.64999183,14.2282900737037,18.53644245,19.84693863,0.597616011111111,1.9636953,3.36124444,12.0721902033333,14.6494346,16.63476697,180.066666666667,0.7887733544,4,5.63187188673333,9,5.60187242926667,9,2.56253341373333,4
primary_18,3,A,FIXED_C2,0,6,0,15,2700,1091,40.4074074074074,47.1476493777778,203.5052374,305.30391474,21.4531517888889,145.12801355,213.37239961,8.78750448296296,10.40290455,12.15357024,4.02488278148148,2.9137317,154.193071709999,12.8821103244444,15.52141325,18.38199813,179.866666666667,3.861567322,54,8.4858565574,60,8.4544066248,58,1.58103047633333,2
primary_18,3,A,FIXED_C2,1,7,15,30,3150,1359,43.1428571428571,31.8782608422222,44.8656705,47.69793198,9.60310567206349,22.09170205,24.10377227,8.48993630634921,10.48264165,11.94900764,0.704738164444445,2.46816865,4.28786483,13.0804806993651,16.8789707,18.81739148,209.933333333333,2.01647085453333,6,6.69405629486667,12,6.6565404862,12,1.78268947893333,2
primary_18,3,A,FIXED_C2,2,6,30,45,2700,888,32.8888888888889,28.750502732963,38.5699901,40.07950329,7.42880446333333,15.9530317,16.96719526,8.65149169740741,10.1234268,11.21372816,0.614944534074074,1.9536694,3.70150733999999,12.0552620381481,14.6712469,16.61068472,180.066666666667,1.33736614,6,5.17570305086667,12,5.14588469493333,12,1.55769972786667,2
primary_18,3,A,FIXED_C2,3,7,45,60,3150,1372,43.5555555555556,31.9447550847619,44.9945194,48.79016902,9.77191179809524,22.59134855,24.46991186,8.5202902831746,10.58424015,12.18673825,0.718815613650794,2.6235814,4.50172906999999,12.9337373898413,16.59111205,18.68547382,209.933333333333,2.0512675446,7,6.706306862,12,6.6700629022,12,1.78800318666667,2
primary_19,4,B,K_LOOKUP_C2_C4,0,7,0,15,3150,1966,62.4126984126984,52.9349190761905,172.7653995,245.226636259999,18.1540766273016,117.3251465,160.0960973,15.7654849688889,20.7277041,24.69859118,3.44618922888889,6.0056726,101.33901738,15.5691682511111,19.95795185,24.2788989099999,209.666666666667,3.81155535266667,40,11.1126623828,55,11.0599408227333,55,3.30788195933333,4
primary_19,4,B,K_LOOKUP_C2_C4,1,6,15,30,2700,909,33.6666666666667,30.2822254162963,40.82988705,42.52006304,6.90216736518519,15.287824,16.76817235,8.94828982703704,10.89196045,12.08812871,0.648613712222222,2.42975179999999,4.81219737999997,13.7831545118518,17.6137868,19.4210706,180.2,1.2431908648,5,5.4540606642,11,5.42586771606667,11,1.61315151906667,4
primary_19,4,B,K_LOOKUP_C2_C4,2,7,30,45,3150,1818,57.7142857142857,37.4918191177778,48.55539095,54.73922542,5.69664597714286,16.15576395,19.22690021,15.5479439028571,20.88516035,24.78307937,1.05842229587302,4.32192815,7.15050415999999,15.1888069419048,19.70147525,21.75656348,209.866666666667,1.1961349906,6,7.87232727866667,14,7.82508108513333,14,3.26427414813333,4
primary_19,4,B,K_LOOKUP_C2_C4,3,6,45,60,2700,906,33.5555555555556,30.0283209592593,40.68812575,41.93698346,6.69570746296296,15.16813685,16.53617497,8.91751382259259,10.95594145,12.20139454,0.633385014074074,2.219895,5.12224832999997,13.7817146596296,17.63113275,19.41767055,180.133333333333,1.20538800793333,4,5.40574636393333,10,5.37708879206667,10,1.60564041473333,3
primary_20,4,A,FIXED_C4,0,6,0,15,2700,1037,38.4074074074074,42.7596676022222,137.94851185,270.94314485,11.5155835488889,68.6312849499999,152.77191327,14.5716592955556,19.29323185,21.49674603,3.77763864777778,3.0520806,145.998140889999,12.89478611,16.01597655,23.3401027199999,179.866666666667,2.0728050388,40,7.6960739434,54,7.6646305604,54,2.6222324482,4
primary_20,4,A,FIXED_C4,1,7,15,30,3150,1433,45.4920634920635,34.8384228339683,45.68604305,48.35869558,5.59842051365079,15.46266535,17.51095793,15.1203530873016,19.0823678,21.00958797,0.957467393968254,3.34183115,4.86351812999998,13.1621818390476,16.7487294,18.84675514,209.933333333333,1.17566830786667,6,7.31413991193333,14,7.26884107813333,14,3.17334526513333,4
primary_20,4,A,FIXED_C4,2,6,30,45,2700,900,33.3333333333333,31.3217328440741,39.0187768,40.98809196,4.39155413518518,15.1620757,16.90445419,14.2400586574074,18.767418,20.01637982,0.639003671481481,2.1780111,3.78804204,12.05111638,14.68929735,16.61619813,180.066666666667,0.790479744333333,4,5.6400262518,12,5.60874241986667,12,2.5653248982,4
primary_20,4,A,FIXED_C4,3,7,45,60,3150,1422,45.1428571428571,34.7216609746032,45.6519771,47.80176329,5.66250024031746,15.39907075,17.59625736,15.13042054,19.23069515,21.3923757,0.967266906349206,3.2312609,5.04993335999999,12.9614732879365,16.456782,18.53881614,209.933333333333,1.18912505046667,6,7.289165978,14,7.2435037686,14,3.17500548673333,4
primary_21,4,B,FIXED_C4,0,7,0,15,3150,1659,52.6666666666667,46.6387110473016,146.1325923,197.38184042,14.7286767869841,92.7115006999999,133.22061364,15.359733131746,19.5719006,22.8505228,2.54107711015873,4.3692034,78.1109744099999,14.0092240184127,18.39795975,23.16022202,209.8,3.09302212526667,35,9.79258342126667,47,9.74462959033333,47,3.223998059,4
primary_21,4,B,FIXED_C4,1,6,15,30,2700,884,32.7407407407407,31.2894400859259,39.01153615,40.95336289,4.37134963037037,15.2199348,16.59140369,14.2285992733333,18.58424455,19.84600601,0.610643878148148,2.0218023,3.25150668,12.0788473040741,14.77635305,16.68277009,180.066666666667,0.786842933466667,4,5.63293481053333,12,5.60328361146667,12,2.56198346426667,4
primary_21,4,B,FIXED_C4,2,7,30,45,3150,1457,46.2539682539683,34.9810018184127,45.77373705,50.2654515999999,5.71809662920635,15.6380705,18.14809721,15.1057135507936,19.2307361,22.11701959,0.906049136825397,3.16889295,4.74199299999999,13.2511425015873,16.85315675,18.95219526,209.866666666667,1.20080029213333,9,7.3449802534,17,7.3023198704,17,3.1711697172,4
primary_21,4,B,FIXED_C4,3,6,45,60,2700,895,33.1481481481482,31.3622672203704,38.9294045,40.3076113,4.49469078148148,15.31996445,16.74770358,14.2964387755556,18.7163926,19.81163334,0.594768138888889,2.0788013,3.51517046999997,11.9763695244444,14.52551715,16.23829472,180.066666666667,0.809044340666667,4,5.645604883,12,5.6148889118,12,2.57375576293333,4
primary_22,4,A,FIXED_C2,0,6,0,15,2700,1067,39.5185185185185,41.4135264718519,149.7503257,227.72569765,17.0672285792593,105.58293015,153.78754933,8.76328146666667,10.4101339,13.1676143799999,2.83675918444444,2.51186635,110.794657019999,12.7462572414815,15.7115879,20.63159953,179.866666666667,3.07210114426667,38,7.4535270996,46,7.4228011824,46,1.57648299866667,2
primary_22,4,A,FIXED_C2,1,7,15,30,3150,1394,44.2539682539683,32.2266537425397,45.48161775,49.89564908,9.92726119174603,22.51796005,24.82612696,8.52617425015873,10.56578755,12.27176451,0.70512023968254,2.59859985,4.37835131999999,13.0680980609524,16.87955455,19.07072865,209.933333333333,2.08437908246667,8,6.7670765286,14,6.730697359,14,1.790321603,2
primary_22,4,A,FIXED_C2,2,6,30,45,2700,885,32.7777777777778,28.8118588322222,38.59079275,40.2507748,7.40226483333333,15.8629863,17.00211625,8.65478863666667,10.1007614,11.26519917,0.60604012,1.9843325,3.45310998999999,12.1487652422222,14.88734165,16.40344762,180.133333333333,1.3327534378,6,5.18727990006667,10,5.15622321413333,10,1.55866149706667,2
primary_22,4,A,FIXED_C2,3,7,45,60,3150,1351,42.8888888888889,31.6842078780952,44.77244145,47.6351663,9.57383543904762,22.2017739,24.20645212,8.47698377047619,10.52658455,12.31242775,0.690723015555555,2.5054032,4.07715497999999,12.9426656530159,16.61258135,18.49603351,209.866666666667,2.01014933546667,7,6.65249043226667,12,6.61762002893333,12,1.7793294764,2
primary_23,4,A,K_LOOKUP_C2_C4,0,6,0,15,2700,1109,41.0740740740741,47.9313213874074,208.82613685,290.93558242,22.6159733725926,143.6120812,212.25823555,8.77054345518519,10.6455387,13.43516974,3.5709742137037,2.78113775,140.71048542,12.9738303459259,16.35119735,20.05256083,179.866666666667,4.07087520706667,52,8.6270917474,56,8.58865941773333,56,1.5781517196,2
primary_23,4,A,K_LOOKUP_C2_C4,1,7,15,30,3150,1449,46,34.8430507847619,45.5024335,48.05219022,5.51672084476191,15.28754185,17.24314765,14.9957538320635,19.04216915,21.70395878,0.989512503809524,3.51540455,5.35340735999999,13.341063604127,16.9870071,18.70306756,209.933333333333,1.1585113774,5,7.3151163912,14,7.27241120426667,14,3.14718403113333,4
primary_23,4,A,K_LOOKUP_C2_C4,2,6,30,45,2700,882,32.6666666666667,28.817848102963,38.8323427,40.34088924,7.34291075592593,15.79855085,16.90063953,8.67554709925926,9.99924365,11.19722982,0.592326357037037,1.8701698,3.30972557,12.2070638907407,14.91048475,16.86054372,180.066666666667,1.32172393606667,8,5.18930699813333,12,5.15959469186667,12,1.56369281746667,3
primary_23,4,A,K_LOOKUP_C2_C4,3,7,45,60,3150,1426,45.2698412698413,34.7664729749206,45.5307268,47.70794865,5.52973721523809,15.3395468,16.94295057,15.0069327098413,19.034455,21.670985,0.989762702222222,3.4163324,5.28213115999999,13.240040347619,16.64935205,18.53099575,209.933333333333,1.1612448152,5,7.30031536286667,14,7.2545868488,14,3.1508119072,4
primary_24,4,B,FIXED_C2,0,7,0,15,3150,3150,100,257.839236446349,284.8535408,294.95232049,230.912915653968,257.673562,268.45035393,9.47331803968254,13.20882085,15.8836906,2.49499811238095,4.49292934999998,83.7573122599993,14.9580046403175,19.3902099,22.77198464,206.6,48.1095454112667,60,53.7331620056,65,53.692611175,65,1.95848601626667,2
primary_24,4,B,FIXED_C2,1,6,15,30,2700,1071,39.6666666666667,40.9942946040741,140.949282,224.08155389,17.7205881381481,115.40142665,200.721921779999,8.89815495777778,11.05132395,13.35472344,0.64231292037037,2.84463174999998,4.97336898,13.7332385877778,17.463225,19.39667762,183.266666666667,3.57187274093333,52,7.79098740386667,57,7.76274661666667,57,1.63151539146667,2
primary_24,4,B,FIXED_C2,2,7,30,45,3150,1504,47.7460317460317,33.8152913136508,50.5827938999999,65.1075573,11.008580168254,24.634805,39.5740945299999,8.64730120666667,11.0263866,12.90822157,0.721166633650794,2.59170845,4.42261575,13.4382433050794,17.60114895,19.76008477,209.933333333333,2.31172243566667,11,7.10083738793333,17,7.065984263,17,1.81563886513333,2
primary_24,4,B,FIXED_C2,3,6,45,60,2700,865,32.037037037037,28.3352764451852,38.2636933,39.60783225,7.22595501555555,15.7232887,16.58171678,8.62728696962963,10.00473855,11.13148163,0.544940615185185,1.84616125,3.15786862999999,11.9370938448148,14.53533245,15.98964642,180.066666666667,1.30067241033333,4,5.10056441473333,9,5.07256460833333,8,1.5531258016,2
primary_25,5,A,FIXED_C2,0,6,0,15,2700,1100,40.7407407407407,43.1773437344444,154.7268975,249.32582252,18.8050482451852,108.8599178,167.015514,8.77747941296296,10.67836115,12.88968307,2.65645390037037,2.3922759,108.21492898,12.9383621759259,16.4657392,21.48140358,179.866666666667,3.38490868413333,42,7.7711170106,50,7.73639968686667,50,1.57914143273333,2
primary_25,5,A,FIXED_C2,1,7,15,30,3150,1380,43.8095238095238,32.1389054006349,45.60670625,49.27231006,9.69053832253968,22.1070301,24.15538957,8.56544457873016,10.7334344,12.3996151,0.702636384761905,2.5915114,4.50576046999999,13.1802861146032,16.9699438,19.14978324,209.933333333333,2.03468813066667,7,6.74836040033333,12,6.7106322696,12,1.7982585448,2
primary_25,5,A,FIXED_C2,2,6,30,45,2700,871,32.2592592592593,28.5584828040741,38.39377245,39.97912854,7.21962018407407,15.67375765,16.73434509,8.63587181481482,10.0485294,11.31873844,0.591861663703704,1.8879006,3.38677029999999,12.1111291414815,14.76021095,16.66830239,180.133333333333,1.2998565502,5,5.141855129,12,5.11096711013333,10,1.55546023386667,2
primary_25,5,A,FIXED_C2,3,7,45,60,3150,1435,45.5555555555556,32.923278071746,47.5440968,51.8091278899999,9.96749044444445,22.44605265,25.57115716,8.64642335714286,11.2537319,13.09723782,0.746208662857143,2.72580705,5.32724501,13.5631556073016,17.8891976,20.00973637,209.733333333333,2.09235036733333,8,6.9115238194,12,6.87591992693333,12,1.81420695533333,2
primary_26,5,A,K_LOOKUP_C2_C4,0,6,0,15,2700,1052,38.962962962963,41.3284687614815,151.17276955,250.520057539999,17.1233460518519,103.40866425,175.40989921,8.74953186666667,10.2649736,12.56944686,2.82226224222222,2.52468415,113.608034499999,12.6333286007407,15.5870626,18.5404191,179.866666666667,3.08220228933333,43,7.43828474133333,50,7.40370452833333,49,1.57407610026667,2
primary_26,5,A,K_LOOKUP_C2_C4,1,7,15,30,3150,1432,45.4603174603175,34.6521095257143,45.59912885,48.17869591,5.49582631619048,15.48031215,17.14956141,15.0278719771429,19.1329821,21.44671842,0.977286179047619,3.25667455,5.13263309,13.1511250533333,16.92395975,18.9297751,209.933333333333,1.1541235264,5,7.276706791,14,7.225925869,14,3.1556169058,4
primary_26,5,A,K_LOOKUP_C2_C4,2,6,30,45,2700,876,32.4444444444444,28.7229806355556,38.72335895,40.63052584,7.41813785481482,16.0366231,17.07010133,8.69040657111111,10.0710125,11.32057747,0.596086532962963,1.88611695,3.86343922,12.0183496766667,14.5985823,16.46331049,180.066666666667,1.33526481386667,8,5.17066799193333,12,5.13928615493333,12,1.56480466033333,3
primary_26,5,A,K_LOOKUP_C2_C4,3,7,45,60,3150,1420,45.0793650793651,34.7095657796825,45.51275925,48.5107343,5.63270274190476,15.54698545,17.39202707,15.062615832381,19.12908975,21.25694686,0.951331012380952,3.4495673,5.09057128999997,13.0629161930159,16.77014775,18.61211676,209.933333333333,1.1828675758,6,7.288851283,14,7.2455921232,14,3.16299179406667,4
primary_27,5,B,FIXED_C2,0,7,0,15,3150,3150,100,330.586368099048,414.9090985,428.75361199,300.685560972698,386.2678109,398.91027593,9.2978677784127,12.70322885,16.31244825,5.84779532222222,5.1755971,195.87128376,14.7551440257143,19.3545534,23.39248913,208.666666666667,63.0951484497333,88,69.3631666722,93,69.3178342992,93,1.9414009594,2
primary_27,5,B,FIXED_C2,1,6,15,30,2700,899,33.2962962962963,29.5521386203704,39.157122,74.2503677099995,8.34902933518518,16.37678335,52.9925246399993,8.64074328444444,10.08816005,11.24936725,0.556585208888889,1.8400767,3.34626362999999,12.0057807918519,14.7063549,16.56499096,181.2,1.55164463486667,21,5.3787348762,26,5.3500961118,26,1.5658643612,2
primary_27,5,B,FIXED_C2,2,7,30,45,3150,1415,44.9206349206349,32.5422377587302,46.29794265,51.93770437,10.1507505552381,23.09078215,26.81648788,8.57240459428571,10.64764805,12.62969327,0.702914495555556,2.42438944999999,4.09269446,13.1161681136508,16.9303681,18.9967067,209.933333333333,2.13134787333333,9,6.83324163033333,14,6.79562093213333,14,1.79988640906667,2
primary_27,5,B,FIXED_C2,3,6,45,60,2700,874,32.3703703703704,28.5887212848148,38.4830126,39.93843826,7.39946551296296,15.9765701,16.9313095,8.64064369222222,9.93676545,10.86205562,0.555582505185185,1.85294495,3.22479665,11.9930295744444,14.5036638,16.42084613,180.066666666667,1.3322135356,4,5.14637055873333,9,5.11785729173333,9,1.5554068488,2
primary_28,5,B,K_LOOKUP_C2_C4,0,7,0,15,3150,1733,55.015873015873,53.2412486593651,193.6381074,259.27016027,19.8449475933333,131.47840835,178.64617041,15.3227156079365,19.68659135,22.86959782,3.73209969777778,4.4891057,131.18128999,14.3414857603175,18.8890474,24.98216987,209.8,4.1674389946,45,11.1787312866,58,11.1267918278667,58,3.2158393458,4
primary_28,5,B,K_LOOKUP_C2_C4,1,6,15,30,2700,875,32.4074074074074,28.7700512907407,38.72759285,39.9895388,7.34634073592593,15.9098122,16.78898743,8.64507311777778,10.09367715,11.19518142,0.571359217037037,1.9640763,3.20734962,12.20727822,14.77470995,16.76301592,180.066666666667,1.32234133246667,4,5.17977601493333,9,5.15064671253333,9,1.5572799438,3
primary_28,5,B,K_LOOKUP_C2_C4,2,7,30,45,3150,1457,46.2539682539683,35.0004423266667,45.8193087,48.38618164,5.51253838634921,15.36561755,16.59547247,15.0224251761905,19.08192,21.65480391,0.963918982857143,3.3682156,5.27433757999999,13.5015597812698,17.28727535,19.24876025,209.866666666667,1.15735660333333,6,7.34927115846667,14,7.30523158586667,14,3.15416401466667,4
primary_28,5,B,K_LOOKUP_C2_C4,3,6,45,60,2700,882,32.6666666666667,28.6299150140741,38.4840694,39.82238935,7.34198720592593,15.78240275,16.78333164,8.6418567462963,9.95686215,11.06711903,0.565483951481481,1.8879096,3.38069890999999,12.0805871103704,14.55833715,16.2691011,180,1.32103726466667,4,5.15236672366667,10,5.12348010073333,9,1.55503666786667,3
primary_29,5,A,FIXED_C4,0,6,0,15,2700,977,36.1851851851852,36.885610812963,65.0224134999997,187.527144459999,7.84568621925926,26.5533552999999,101.96178293,14.4033005659259,18.7293657,20.69987698,1.98259185296296,2.46101025,69.3052471199995,12.6540321748148,15.6931129,19.22247297,179.933333333333,1.41222351946667,30,6.6389735274,42,6.6072424362,42,2.59215768293333,4
primary_29,5,A,FIXED_C4,1,7,15,30,3150,1442,45.7777777777778,34.8476656279365,45.3042718,47.4264354,5.4973678184127,15.12734715,16.59534782,15.039644275873,19.051476,21.50013226,0.942179922539683,3.2158522,4.91363493,13.3684736111111,17.09140615,19.16895884,209.866666666667,1.15444724186667,5,7.31695569986667,14,7.26881196406667,14,3.15727121593333,4
primary_29,5,A,FIXED_C4,2,6,30,45,2700,870,32.2222222222222,31.2879810892593,38.9497643,40.99919762,4.36620437,15.0326344,16.53529404,14.1891767262963,18.4349395,19.58272329,0.643714433333333,2.0589634,3.54588273,12.0888855596296,14.56711255,16.31404092,180.066666666667,0.7859167866,4,5.6326928516,12,5.5994831696,12,2.55490806626667,4
primary_29,5,A,FIXED_C4,3,7,45,60,3150,1441,45.7460317460317,34.7263410530159,45.36874645,48.06309678,5.55313205650794,15.40087985,17.21832858,15.0086128415873,18.97703285,21.96691671,0.951625986984127,3.4092204,5.00740446,13.2129701679365,16.92384785,19.11267508,209.866666666667,1.16611292613333,5,7.29201738406667,14,7.2474118718,14,3.1513392654,4
primary_30,5,B,FIXED_C4,0,7,0,15,3150,1815,57.6190476190476,71.5953620444444,289.3792044,355.73940529,34.7226240901587,217.5594991,241.68219052,15.4077465403175,19.53323885,22.8218297099999,6.66639934761905,7.30604789999993,210.834164159999,14.7985920663492,19.8379771,29.5713765,209.733333333333,7.29175105893333,59,15.0332088532,78,14.9716009262,78,3.23380959733333,4
primary_30,5,B,FIXED_C4,1,6,15,30,2700,868,32.1481481481481,31.1583532096296,38.8112367,40.22586035,4.23153848888889,14.67752835,16.24663861,14.1486479462963,18.4063272,19.78245287,0.584080724814815,2.0960548,3.6413959,12.1940860496296,14.82799845,16.84821418,180.133333333333,0.761676928,4,5.6097851498,10,5.58128046273333,10,2.5480382024,4
primary_30,5,B,FIXED_C4,2,7,30,45,3150,1450,46.031746031746,34.8931627765079,45.44653345,48.52423094,5.51210639619048,15.1601121,17.17060759,15.0064123457143,18.9448166,21.21673163,1.00408320444444,3.55005315,5.36406191999997,13.3705608301587,17.1162514,19.09878877,209.933333333333,1.1575423432,6,7.32667063153333,14,7.27567164573333,14,3.15045304106667,4
primary_30,5,B,FIXED_C4,3,6,45,60,2700,886,32.8148148148148,31.2123362,38.9449237,40.52103445,4.31743022,15.02193885,16.52463636,14.1419710944444,18.42053215,19.82439787,0.593786068888889,2.034898,3.42746138999998,12.1591488166667,14.65756525,16.38136898,180,0.7771374396,4,5.61873633206667,10,5.58972422686667,10,2.54607061306667,4
