acquisition_id,round,trace,policy,phase,K,window,arrival_start_s,arrival_end_s,arrival_count,miss_count,DMR_percent,local_mean_ms,local_p95_ms,local_p99_ms,queue_mean_ms,queue_p95_ms,queue_p99_ms,service_mean_ms,service_p95_ms,service_p99_ms,start_lag_mean_ms,start_lag_p95_ms,start_lag_p99_ms,front_end_mean_ms,front_end_p95_ms,front_end_p99_ms,calendar_completed_fps,time_mean_ready_queue,peak_ready_queue,time_mean_unfinished_backlog,peak_unfinished_backlog,time_mean_generated_unfinished,peak_generated_unfinished,time_mean_A,peak_A
primary_01,1,B,FIXED_C4,0,7,startup,0,1,210,210,100,252.980311361905,311.04786485,326.70145412,157.89622482381,201.5818,205.84201516,17.8377953333333,21.8349823,55.55632276,51.8760953047619,194.9274208,203.25054077,25.3701959,33.1146269,236.03944816,167,29.898702492,49,49.173017978,67,48.964817655,67,3.052594333,4
primary_01,1,B,FIXED_C4,0,7,phase_remainder,1,15,2940,1477,50.2380952380952,43.4196346323129,122.75053525,184.55934673,14.0693249,88.0903840499998,150.44021058,14.9963076034014,19.01582965,21.92215108,0.984099543877551,3.59715025,5.83095742,13.369902585034,17.4451479,19.59380025,212.857142857143,3.18737999478571,41,9.3988276115,50,9.35355628285714,50,3.19710716964286,4
primary_01,1,B,FIXED_C4,1,6,transition,15,16,180,66,36.6666666666667,32.0972788666667,40.41847095,43.66836121,4.49022502777778,16.2964449,18.06391355,14.5259583055556,19.950848,23.39210212,0.672616588888889,2.29110035,3.82688399,12.4084789444444,15.42051925,17.37505686,182,0.808240505,3,5.796609882,12,5.765471097,12,2.633772181,4
primary_01,1,B,FIXED_C4,1,6,phase_remainder,16,30,2520,819,32.5,31.0495528563492,38.67376485,40.44713071,4.22162820833333,14.73492255,16.31990848,14.0965105805556,18.50482965,19.8592321,0.575194292063492,1.9558098,3.51618736,12.1562197753968,14.8918502,16.59678334,179.928571428571,0.7598930775,4,5.58867099607143,11,5.55877922457143,10,2.53712338642857,4
primary_01,1,B,FIXED_C4,2,7,transition,30,31,210,102,48.5714285714286,34.924982552381,45.71953155,47.76801245,5.37173468571429,15.5816905,18.13613038,14.9763166666667,19.71230055,22.59919385,1.06422202857143,3.9241399,5.97073867,13.5127091714286,17.9527586,19.90548642,207,1.126215866,3,7.299793819,13,7.241093219,13,3.112422401,4
primary_01,1,B,FIXED_C4,2,7,phase_remainder,31,45,2940,1331,45.2721088435374,34.5294738462585,45.4831304,48.20546074,5.42736520510204,15.0221272,16.85513531,14.9049843761905,18.7927083,21.18593018,0.919715670068027,3.2665034,5.10913914000001,13.277408594898,16.8777919,18.94773558,210.071428571429,1.13987872292857,9,7.25085039971429,14,7.20488505064286,14,3.12957558114286,4
primary_01,1,B,FIXED_C4,3,6,transition,45,46,180,59,32.7777777777778,30.9781167888889,38.5884479,40.43973355,4.22586444444444,15.0303658,15.71476324,14.2055251555556,18.3115903,19.97511225,0.549942344444444,2.05367055,2.76634762,11.9967848444444,15.20007495,17.53023514,182,0.7606556,4,5.609228141,10,5.582149759,10,2.590161647,4
primary_01,1,B,FIXED_C4,3,6,phase_remainder,46,60,2520,794,31.5079365079365,30.8804495392857,38.7384522,40.17912517,4.17033150198413,14.6046983,16.35268949,14.0593344888889,18.3956977,19.74945771,0.554762976984127,1.8647269,3.18427934,12.0960205714286,14.74696475,16.35316778,180,0.750659670357143,3,5.55857127328571,8,5.53044038614286,8,2.53077056421429,4
primary_02,1,A,FIXED_C2,0,6,startup,0,1,180,180,100,165.210581033333,243.51701915,258.21622496,109.181462427778,147.58117805,155.28843188,10.2542514166667,14.74229205,24.0243525900002,25.6166358333333,135.6411802,158.39199526,20.1582313555556,42.5772321999999,169.63309625,160,18.86280237,34,28.773235512,40,28.706647591,40,1.670957048,2
primary_02,1,A,FIXED_C2,0,6,phase_remainder,1,15,2520,864,34.2857142857143,30.0525740865079,39.2420519,89.72162885,8.78608614047619,16.35481145,66.60987996,8.66336182738095,10.10194295,11.40162532,0.565636246031746,1.82550675,3.38129898,12.037489872619,14.8643185,16.84005073,181.285714285714,1.63791413864286,21,5.47768511342857,26,5.44882388414286,26,1.57120827342857,2
primary_02,1,A,FIXED_C2,1,7,transition,15,16,210,93,44.2857142857143,32.6512358571429,47.7326266,50.32212848,10.2847683238095,22.54550055,25.05280137,8.69690337142857,11.2159495,13.09172961,0.771950276190476,2.71196285,4.71243745,12.8976138857143,17.19203365,18.86717085,209,2.151602893,6,6.828863524,12,6.793628187,12,1.806652157,2
primary_02,1,A,FIXED_C2,1,7,phase_remainder,16,30,2940,1325,45.0680272108844,32.5206875901361,46.47425665,52.06412044,10.2359062129252,22.92813335,26.49579282,8.5788305085034,10.70626535,12.61169295,0.735420702380952,2.60173365,4.41915572,12.9705301663265,16.7363581,18.81453,210,2.14988457228571,8,6.83078649714286,13,6.79139971007143,13,1.80265224242857,2
primary_02,1,A,FIXED_C2,2,6,transition,30,31,180,55,30.5555555555556,28.0240458722222,37.71688025,38.41524897,7.41563612777778,15.709771,16.66179166,8.68661007777778,9.90158595,10.78710728,0.57268005,1.80108729999999,3.21353506,11.3491196166667,13.96126425,14.85743069,181,1.338193212,4,5.053466373,9,5.022582449,9,1.569349221,2
primary_02,1,A,FIXED_C2,2,6,phase_remainder,31,45,2520,797,31.6269841269841,28.5352924210317,38.5980617,40.11746645,7.30168181746032,15.8556779,16.82215732,8.61554240634921,9.9396065,11.02098515,0.613622038888889,1.9823133,3.63717827,12.0044461583333,14.65586525,16.57342563,180,1.31430272714286,6,5.13630551021429,11,5.10637872,11,1.55075050757143,2
primary_02,1,A,FIXED_C2,3,7,transition,45,46,210,88,41.9047619047619,31.8291126428571,45.88148135,47.0540658,9.39651397142857,21.9330681,23.28238269,8.46752486666667,10.83252815,13.97441732,0.766910257142857,3.02430915,4.34636557,13.198163547619,17.50277165,19.7044038,209,1.969491749,5,6.670617054,11,6.637927585,11,1.768459806,2
primary_02,1,A,FIXED_C2,3,7,phase_remainder,46,60,2940,1260,42.8571428571429,31.6785149030612,44.6730961,47.31408786,9.7519556085034,22.4742358,24.40313017,8.52136268945578,10.46952845,12.06596448,0.714067228231292,2.5397374,4.47794234,12.6911293768707,16.135242,18.12562786,210,2.04762498264286,7,6.65214334628571,12,6.61680254557143,12,1.78942707657143,2
primary_03,1,A,K_LOOKUP_C2_C4,0,6,startup,0,1,180,180,100,257.924852922222,350.6409709,359.46740042,164.28755595,225.4230272,232.49019138,10.4832905944444,14.8816815,34.3356802300001,60.3267727166667,218.71311155,249.58955835,22.8272336611111,24.7487937999997,282.15515746,144,26.777836541,53,43.291593713,59,43.173328718,59,1.546036024,2
primary_03,1,A,K_LOOKUP_C2_C4,0,6,phase_remainder,1,15,2520,945,37.5,34.8967459380952,89.5033597,169.75747178,13.5298334448413,65.8518040999998,145.40025863,8.69079239365079,10.09979865,11.71104872,0.5754089,1.98039135,3.48964557,12.1007111996032,15.0115288,17.81644484,182.428571428571,2.6349359865,36,6.50464050592857,42,6.47479592992857,42,1.5880029015,2
primary_03,1,A,K_LOOKUP_C2_C4,1,7,transition,15,16,210,98,46.6666666666667,34.8396999571429,45.26977185,48.88979314,5.52255935238095,14.90352895,17.17982186,15.0388472761905,19.4309019,24.38309605,0.916096423809524,3.11417965,3.93595684,13.3621969047619,17.3387136,20.08929361,208,1.159737464,5,7.290970493,13,7.251966026,13,3.13279143,4
primary_03,1,A,K_LOOKUP_C2_C4,1,7,phase_remainder,16,30,2940,1328,45.1700680272109,34.7347624642857,45.3469239,47.61076043,5.49811700408163,15.2631799,17.00534991,15.0001766741497,18.98524705,21.34969188,0.979673760204082,3.3244926,4.98884532,13.2567950258503,16.9971598,18.78033048,210.071428571429,1.15460457085714,5,7.2947045245,13,7.25229189,13,3.15044150857143,4
primary_03,1,A,K_LOOKUP_C2_C4,2,6,transition,30,31,180,59,32.7777777777778,28.6042995555556,38.35121715,39.38688666,7.42681096666667,15.9927876,16.60354333,8.61536041666667,9.82094115,11.59931221,0.552147872222222,1.7728897,3.69870348,12.0099803,14.3585325,15.33129709,181,1.336825974,4,5.170017492,9,5.142635453,9,1.572008447,3
primary_03,1,A,K_LOOKUP_C2_C4,2,6,phase_remainder,31,45,2520,825,32.7380952380952,28.7917933353175,38.78446705,40.26868799,7.50075557063492,16.00383935,16.96181449,8.69650486349206,9.97996845,11.25239384,0.622488782936508,1.95302109999999,3.73723792,11.972044118254,14.50391695,16.58814074,180,1.35013600271429,7,5.18242527792857,11,5.15299070785714,11,1.565273353,2
primary_03,1,A,K_LOOKUP_C2_C4,3,7,transition,45,46,210,91,43.3333333333333,34.4050223238095,45.3089089,46.90659238,5.64277427142857,15.21842275,16.04734135,14.8688292904762,18.35795155,19.498626,0.823068128571429,2.77700429999999,4.41832301,13.0703506333333,16.13503355,17.97237668,209,1.184982597,3,7.202676452,11,7.162122074,11,3.100075915,4
primary_03,1,A,K_LOOKUP_C2_C4,3,7,phase_remainder,46,60,2940,1338,45.5102040816327,34.8965960153061,45.4510283,47.90892082,5.66472362142857,15.4634622,17.05190893,15.0765672989796,18.9268608,21.386265,1.01753941666667,3.19422385,5.61738536000001,13.1377656782313,16.88163945,18.62884789,209.785714285714,1.189146666,6,7.32685538064286,14,7.27924712935714,14,3.16509464471429,4
primary_04,1,B,FIXED_C2,0,7,startup,0,1,210,210,100,287.453860514286,324.49465305,331.67079046,217.151634157143,275.230014,278.08856033,10.2020316,13.78936535,42.83041588,37.9437079095238,160.81399955,189.56205655,22.156486847619,29.7499614,218.78397971,154,38.624752061,60,52.880575283,65,52.755388943,65,1.634782323,2
primary_04,1,B,FIXED_C2,0,7,phase_remainder,1,15,2940,2356,80.1360544217687,118.197881534694,270.6438702,287.72943379,95.1317894581633,246.42338205,261.53933824,8.96394509591837,11.67536225,14.45894144,0.733671168027211,2.55526255,5.31455569000001,13.368475812585,17.3951297,19.83509987,213.785714285714,20.4757591989286,59,25.3549299240714,64,25.3190947774286,64,1.91771985921429,2
primary_04,1,B,FIXED_C2,1,6,transition,15,16,180,58,32.2222222222222,28.51910155,38.21374865,39.1330131,7.47360865,16.0622141,17.14285533,8.57411138333333,10.1109433,10.75254637,0.533304272222222,1.80362535,3.4043223,11.9380772444444,14.2478147,15.22796591,181,1.349172891,4,5.142316432,9,5.114501808,9,1.548294868,2
primary_04,1,B,FIXED_C2,1,6,phase_remainder,16,30,2520,818,32.4603174603175,28.6587398694444,38.5482695,39.70095499,7.38954492936508,15.95176395,16.93929282,8.65482975793651,10.0111413,10.92154995,0.569786662698413,1.87615535,3.29736316,12.0445785194444,14.66876805,16.24878542,180,1.33011808728571,4,5.15855542021429,8,5.12868642557143,8,1.55785160014286,2
primary_04,1,B,FIXED_C2,2,7,transition,30,31,210,88,41.9047619047619,31.5655446047619,44.22366495,45.70945167,9.5017781,22.40929645,23.58202725,8.48718666666667,10.35608855,12.04027724,0.715671138095238,2.6404013,4.96788381,12.8609087,16.1784187,16.92423562,209,1.9922231,5,6.617069828,10,6.57789059,10,1.773764962,2
primary_04,1,B,FIXED_C2,2,7,phase_remainder,31,45,2940,1299,44.1836734693878,32.2065966639456,45.5304575,49.23991616,9.93622343809524,22.773762,24.49679429,8.52643604557823,10.52927895,12.14309781,0.733841305102041,2.71579105,4.55135202,13.0100958751701,16.53426765,18.54137215,210,2.08656882771429,8,6.7635730715,13,6.72869708621429,13,1.79077743592857,2
primary_04,1,B,FIXED_C2,3,6,transition,45,46,180,60,33.3333333333333,28.79487495,38.67916955,39.03262038,7.53899603333333,16.0469305,17.14568685,8.67419913333333,9.808995,10.2263712,0.547903711111111,1.20082075,3.36261811,12.0337760722222,14.4690234,16.19930293,181,1.360702907,4,5.190286579,9,5.161177926,9,1.564881311,2
primary_04,1,B,FIXED_C2,3,6,phase_remainder,46,60,2520,816,32.3809523809524,28.4854252023809,38.209868,39.27353935,7.39752825079365,15.9722372,16.73933206,8.64423657420635,9.8659386,10.70499017,0.576573675,1.88623195,3.18030885,11.867086702381,14.2843213,16.28962375,180,1.33155508514286,4,5.12795952642857,8,5.09939278628571,8,1.55654557335714,2
primary_05,1,B,K_LOOKUP_C2_C4,0,7,startup,0,1,210,210,100,215.482239890476,270.49359525,283.94291955,141.436331628571,189.5943471,198.43618073,18.0107316571429,25.0622391,48.73240166,33.7152394666667,150.01728475,158.33734079,22.3199371380952,27.50386575,190.14614158,175,27.51125009,47,42.492776908,58,42.315493025,57,3.214139731,4
primary_05,1,B,K_LOOKUP_C2_C4,0,7,phase_remainder,1,15,2940,1504,51.156462585034,41.642790129932,102.951825549999,152.82308284,11.9174432870748,68.7521844499997,119.81808545,15.175866294898,19.329633,21.98909643,0.979116042176871,3.46318975,5.18982848,13.5703645057823,17.9220919,21.10998422,212.285714285714,2.65911877257143,35,8.94034430307143,42,8.89434148942857,42,3.22583461542857,4
primary_05,1,B,K_LOOKUP_C2_C4,1,6,transition,15,16,180,58,32.2222222222222,28.8728632722222,38.5455357,39.46478852,7.52662658333333,15.9919852,16.94903876,8.59293318888889,9.87046415,10.50788262,0.552124922222222,1.738508,3.35938887,12.2011785777778,14.45135885,15.72551477,181,1.354792785,4,5.213518823,9,5.185605142,9,1.563131408,3
primary_05,1,B,K_LOOKUP_C2_C4,1,6,phase_remainder,16,30,2520,813,32.2619047619048,28.6317420773809,38.5482262,40.08684124,7.30081442301587,15.74525625,16.80883757,8.6178234718254,10.0311587,11.11150484,0.589627781746032,1.94988275,3.63236768,12.1234764007937,14.80866685,16.65677969,180,1.31414659614286,4,5.15369484771429,8,5.12361907435714,8,1.55118949871429,2
primary_05,1,B,K_LOOKUP_C2_C4,2,7,transition,30,31,210,92,43.8095238095238,34.0884787809524,44.49986235,45.41775124,5.3778007,14.37976215,16.79817703,14.7561694047619,18.4787467,20.32094936,0.948931514285714,3.17703765,5.60656495,13.0055771619048,16.44995905,18.77161024,209,1.129338147,5,7.131068175,11,7.086631515,11,3.071283206,4
primary_05,1,B,K_LOOKUP_C2_C4,2,7,phase_remainder,31,45,2940,1342,45.6462585034014,34.7396399561225,45.3585422,47.96318198,5.46202827346939,15.23460505,16.76991825,14.9635061306122,18.86251395,21.17380139,0.932793787755102,3.17304025,4.96517565,13.3813117642857,17.262638,19.5584243,210,1.14702593742857,6,7.29672999142857,14,7.25048558042857,14,3.14374188807143,4
primary_05,1,B,K_LOOKUP_C2_C4,3,6,transition,45,46,180,60,33.3333333333333,28.6965669111111,38.5922746,39.38393506,7.35657802222222,15.7431853,16.68862751,8.69565335,9.78253615,10.3261964,0.579864483333333,1.92623855,2.97494845,12.0644710555556,15.2233609,15.79098339,181,1.324184044,4,5.172703832,9,5.143420042,9,1.572539391,3
primary_05,1,B,K_LOOKUP_C2_C4,3,6,phase_remainder,46,60,2520,812,32.2222222222222,28.5846750952381,38.44023235,39.66342061,7.34742911984127,15.80886975,16.92252776,8.62568646071429,9.9292435,11.23405021,0.541892511111111,1.83554,2.99192696,12.0696670035714,14.61418055,16.44968287,180,1.32253724157143,4,5.14528209521429,9,5.11660208614286,9,1.552664141,2
primary_06,1,A,FIXED_C4,0,6,startup,0,1,180,180,100,170.683841222222,262.87625465,277.23030211,91.27057605,150.173141,159.12788534,18.1016691055556,25.4978134,48.05739616,38.6198334055556,169.7287309,181.16347021,22.6917626611111,28.2935296,213.94090751,170,16.329634102,39,30.477763902,52,30.406955216,52,3.112042508,4
primary_06,1,A,FIXED_C4,0,6,phase_remainder,1,15,2520,823,32.6587301587302,31.134016893254,39.0793804,41.21990228,4.22997231111111,14.7388153,17.37352079,14.0786296869048,18.60118705,20.12178326,0.591645165873016,1.9348916,3.33844859,12.2337697293651,14.8551679,16.90588531,180.571428571429,0.768471415071429,8,5.62064174664286,16,5.59077217028571,16,2.54359565042857,4
primary_06,1,A,FIXED_C4,1,7,transition,15,16,210,97,46.1904761904762,34.5070803333333,44.9207961,45.78004676,5.17790725238095,14.64934125,16.15368876,14.8145593761905,18.95788995,20.91763241,1.03999104285714,3.73438555,6.67954088,13.4746226619048,17.5281026,18.48330843,209,1.087360523,3,7.244479906,12,7.205290063,12,3.109050505,4
primary_06,1,A,FIXED_C4,1,7,phase_remainder,16,30,2940,1342,45.6462585034014,34.674008187415,45.59505885,48.07424844,5.47899699557823,15.29963595,17.14318313,14.9415224268707,19.07289065,21.52276848,0.942851595578231,3.3314569,4.96574921,13.3106371693878,16.87995635,18.92042916,209.857142857143,1.150558941,6,7.28083145328571,14,7.23654453321429,14,3.13703987164286,4
primary_06,1,A,FIXED_C4,2,6,transition,30,31,180,58,32.2222222222222,30.8323529555556,38.4506241,39.17070758,4.07846627222222,14.57228265,15.84248439,14.09194035,18.32306205,19.2630595,0.575123444444445,1.7007263,2.88103428,12.0868228888889,14.6178299,15.84057565,183,0.734549922,3,5.567665918,11,5.540600025,11,2.553965656,4
primary_06,1,A,FIXED_C4,2,6,phase_remainder,31,45,2520,814,32.3015873015873,31.0053252503968,38.7615898,40.70939439,4.17271737301587,14.55116335,16.26009383,14.109686456746,18.41995365,19.72232914,0.604748368650794,1.9811077,3.42509343,12.1181730519841,14.83165005,16.3491619,180,0.751089127142857,4,5.58029697814286,12,5.54926413485714,12,2.53908199528571,4
primary_06,1,A,FIXED_C4,3,7,transition,45,46,210,93,44.2857142857143,33.9675989333333,43.8722577,48.61496082,5.25436522857143,14.2473917,16.47183261,14.6238774571429,18.23715895,20.41758512,0.980821728571428,3.5181759,4.38514758,13.1085345190476,16.68321855,17.6307598,209,1.103416698,4,7.123326793,13,7.072212166,13,3.061145283,4
primary_06,1,A,FIXED_C4,3,7,phase_remainder,46,60,2940,1331,45.2721088435374,34.520698007483,45.14655735,47.74919069,5.42565886530612,15.11295235,16.64040112,14.9076028431973,19.0556232,21.15181664,0.95636735170068,3.3715288,5.67359834000001,13.2310689472789,16.72942595,18.53339526,210,1.13938836171429,5,7.24893703257143,14,7.20243203821429,14,3.13018704807143,4
primary_07,2,B,FIXED_C2,0,7,startup,0,1,210,210,100,352.709328671429,395.100265,412.94993903,252.905637128571,353.78515235,360.50428768,10.496166447619,15.9775801,19.0288581,64.9174118571429,213.29878345,236.44863919,24.3901132380952,47.7615369499997,238.17906969,137,40.663697838,75,60.934780225,80,60.832853,80,1.516502117,2
primary_07,2,B,FIXED_C2,0,7,phase_remainder,1,15,2940,2940,100,344.785522342177,371.2845739,375.20823063,320.725140113946,344.2873173,349.12605171,9.34365006632653,12.6751137,15.23718746,0.752311065646259,3.01947665,5.44723703000002,13.9644210962585,18.31750085,20.80096183,211.142857142857,67.7544812645,77,72.8212410043571,82,72.7854431012143,82,1.97624598585714,2
primary_07,2,B,FIXED_C2,1,6,transition,15,16,180,180,100,157.445056755556,257.87505,269.93203124,136.3895483,235.45423385,248.85052343,8.58894301111111,10.35111725,11.56585483,0.598736427777778,1.99596835,3.53103066,11.8678290166667,14.09637035,14.65590132,230,31.302783238,59,35.527706726,63,35.498936095,63,1.980941708,2
primary_07,2,B,FIXED_C2,1,6,phase_remainder,16,30,2520,822,32.6190476190476,28.7104431535714,38.53724575,39.84353911,7.44659219007936,15.98293155,17.10071765,8.6359299031746,10.01866955,11.18538039,0.557998345634921,1.8489725,3.19234332,12.0699227146825,14.617265,16.68255135,180.357142857143,1.34488628328571,8,5.17566063764286,13,5.14771213364286,13,1.5577485635,2
primary_07,2,B,FIXED_C2,2,7,transition,30,31,210,89,42.3809523809524,31.3609659333333,44.19789375,46.26426255,9.54542078571428,22.32006725,23.99971597,8.46065045238095,10.35761095,11.82643323,0.633964638095238,2.04719745,3.24851692,12.7209300571429,15.8035844,17.34481801,209,1.999583962,6,6.574035537,10,6.539325634,10,1.769923689,2
primary_07,2,B,FIXED_C2,2,7,phase_remainder,31,45,2940,1315,44.7278911564626,32.464722392517,46.3596789,51.36182958,10.186327564966,23.03270405,25.87564213,8.57370065510204,10.72449965,12.74683663,0.73183359829932,2.6814106,4.48650584,12.9728605741497,16.6622439,18.74830543,210,2.13909290407143,8,6.81760570221429,13,6.78229569492857,13,1.80052702192857,2
primary_07,2,B,FIXED_C2,3,6,transition,45,46,180,60,33.3333333333333,28.7132895055556,38.59733355,39.46747311,7.50116658333333,16.0912152,17.37538914,8.63337543333333,9.9680115,11.1585341,0.660786938888889,2.042368,3.81098807,11.91796055,14.299863,15.36493282,181,1.355666772,4,5.184117553,9,5.154442918,9,1.564276233,2
primary_07,2,B,FIXED_C2,3,6,phase_remainder,46,60,2520,816,32.3809523809524,28.5193386365079,38.3671345,39.94680408,7.35966278095238,15.9268415,16.92798943,8.65871703174603,10.00877095,11.22921989,0.567006963492063,1.88319325,3.48023604,11.9339518603175,14.3735737,16.67993534,180,1.32473930057143,4,5.13312825271429,8,5.10370246257143,8,1.55821636385714,2
primary_08,2,B,K_LOOKUP_C2_C4,0,7,startup,0,1,210,210,100,287.643608028571,340.85202385,348.26405548,159.983491747619,207.8562293,214.1325925,18.0869336857143,22.22240345,58.1969622,79.7656318952381,224.0043302,233.58645959,29.8075507,36.4885154,266.24582217,158,28.500175659,50,54.43888181,74,54.303995523,73,2.930770879,4
primary_08,2,B,K_LOOKUP_C2_C4,0,7,phase_remainder,1,15,2940,1585,53.9115646258503,50.1348469942177,173.90186325,231.9194618,20.1688990908163,137.63914845,199.49973787,15.2139798853741,19.33301855,21.92156666,1.00143297517007,3.22155395,5.84892691,13.7505350428571,18.3294579,21.57722369,213.5,4.5994943525,50,10.9527422493571,59,10.9066870374286,59,3.25516082214286,4
primary_08,2,B,K_LOOKUP_C2_C4,1,6,transition,15,16,180,59,32.7777777777778,28.8578669333333,38.4529515,40.14489378,7.33646216666667,15.9372165,17.21921775,8.5830081,10.11668645,11.36964746,0.528232366666667,1.7635674,2.61837223,12.4101643,15.433918,16.29694008,181,1.32056319,4,5.208466497,9,5.180485118,9,1.558991907,3
primary_08,2,B,K_LOOKUP_C2_C4,1,6,phase_remainder,16,30,2520,824,32.6984126984127,28.6985437595238,38.53933785,40.09649391,7.34098885912698,15.78879515,16.81042818,8.67450706349206,10.09113435,11.60812154,0.568166077380952,1.85895125,3.32278961,12.1148817595238,14.71428125,16.19586089,180,1.32137799464286,4,5.16528733785714,8,5.13672128271429,8,1.56096073257143,2
primary_08,2,B,K_LOOKUP_C2_C4,2,7,transition,30,31,210,99,47.1428571428571,35.0524899190476,45.9203967,49.40461222,5.65976335238095,16.8832708,18.77064637,14.9656445333333,19.9151051,22.12005961,0.897046576190476,3.69043935,5.20948117,13.5300354571429,17.2828102,19.34018366,209,1.188550304,5,7.354757397,14,7.3162552,14,3.136519866,4
primary_08,2,B,K_LOOKUP_C2_C4,2,7,phase_remainder,31,45,2940,1379,46.9047619047619,35.0713061986395,45.97516795,49.27478189,5.65122552755102,15.48519415,17.55038113,15.1051030653061,19.26022675,22.41984027,1.0020734792517,3.37395625,5.14772822,13.3129041265306,17.1259192,18.90980396,210,1.18675736078571,6,7.36514099392857,14,7.316615308,14,3.17223833592857,4
primary_08,2,B,K_LOOKUP_C2_C4,3,6,transition,45,46,180,58,32.2222222222222,28.52659875,38.11253865,38.64457056,7.35461417777778,15.71469375,16.03691033,8.59800135,9.74773445,10.77037781,0.551826561111111,1.72326715,2.57086605,12.0221566611111,14.4158371,16.33284267,181,1.323830552,4,5.148873821,9,5.11794945,9,1.561726289,3
primary_08,2,B,K_LOOKUP_C2_C4,3,6,phase_remainder,46,60,2520,807,32.0238095238095,28.5499326365079,38.46815485,39.647804,7.30807110119048,15.7741618,16.7376695,8.63478561984127,10.01410915,11.06909863,0.57152838531746,1.95421445,3.36911419999999,12.0355475301587,14.74025135,16.41884269,180,1.31545279821429,4,5.13831924835714,8,5.11001362178571,8,1.55359278535714,2
primary_09,2,A,FIXED_C4,0,6,startup,0,1,180,180,100,149.938145155556,254.6992353,266.86408466,62.3650983166667,98.71190955,106.55286,17.8762642555556,22.05465185,53.02251127,42.9834520555556,166.08190255,176.02817067,26.7133305277778,35.24795175,208.12979152,173,11.220675689,26,26.923768478,50,26.786876202,50,3.157671924,4
primary_09,2,A,FIXED_C4,0,6,phase_remainder,1,15,2520,821,32.5793650793651,31.2947061920635,39.04098265,40.50159357,4.37600423888889,15.2640368,16.9787885,14.1988789559524,18.6507271,19.87050951,0.582541434920635,1.9606867,3.18362571,12.1372815623016,14.66308415,16.36061986,180.357142857143,0.788040906428571,4,5.6367449825,13,5.60888373535714,13,2.55913593657143,4
primary_09,2,A,FIXED_C4,1,7,transition,15,16,210,96,45.7142857142857,34.9205845190476,45.3987344,48.89099093,5.32857838095238,14.37458415,14.99726451,14.8984211714286,19.1687725,23.16582452,1.14148397619048,3.940739,5.18247101,13.5521009904762,17.1860191,20.5184901,209,1.11900146,4,7.321932486,12,7.28010367,12,3.117278183,4
primary_09,2,A,FIXED_C4,1,7,phase_remainder,16,30,2940,1330,45.2380952380952,34.6531116846939,45.26754555,47.77845473,5.42760525816326,14.92789185,16.57913345,14.9139548020408,18.79847355,21.02616861,0.98061528877551,3.5513862,5.68394084000001,13.3309363357143,17.1127303,19.02004212,209.928571428571,1.13979710421429,6,7.27581351242857,14,7.23274517235714,14,3.13059056707143,4
primary_09,2,A,FIXED_C4,2,6,transition,30,31,180,56,31.1111111111111,31.3231442166667,38.65863435,40.53943032,4.30779188333333,15.14500945,16.64564746,14.1371995666667,18.4512593,20.19974707,0.463998888888889,1.318744,1.946534,12.4141538777778,15.16921055,15.81839298,182,0.775402539,3,5.674956964,10,5.646923253,10,2.581486927,4
primary_09,2,A,FIXED_C4,2,6,phase_remainder,31,45,2520,831,32.9761904761905,31.2666271412698,38.9031246,40.56753934,4.29884238293651,14.97871485,16.75338537,14.1809952234127,18.60313075,19.95997384,0.628483373412698,2.07172389999999,3.84039197,12.1583061615079,14.8490553,16.5930539,180.071428571429,0.773791628928571,5,5.62819953642857,11,5.59896086957143,11,2.55278579121429,4
primary_09,2,A,FIXED_C4,3,7,transition,45,46,210,94,44.7619047619048,34.149648647619,44.9300892,47.2859751,5.37659571428571,15.0785573,16.94263379,14.8549533761905,19.01098385,22.51600607,1.05208503809524,3.87362725,6.26780333,12.8660145190476,15.82792115,17.19560461,208,1.1290851,4,7.145927604,12,7.103486325,12,3.094041597,4
primary_09,2,A,FIXED_C4,3,7,phase_remainder,46,60,2940,1321,44.9319727891156,34.4820538568027,44.76247875,47.23504824,5.45604205306122,15.1657847,17.04230846,14.8681021146259,18.8215177,21.02049129,0.958884725170068,3.24799695,5.14094152000001,13.1990249639456,16.8369881,18.81076537,210,1.14576883114286,6,7.24234811135714,14,7.19689941371429,14,3.1234182455,4
primary_10,2,B,FIXED_C4,0,7,startup,0,1,210,210,100,187.506781,255.3721836,266.89779228,114.4660875,157.77255335,162.43596494,18.0723010285714,23.61191135,49.73988645,32.4870478428571,137.57056545,166.30846157,22.4813446285714,51.32380775,163.17156497,181,22.716112429,39,37.593882005,52,37.478501639,52,3.334407157,4
primary_10,2,B,FIXED_C4,0,7,phase_remainder,1,15,2940,1446,49.1836734693878,38.9249149656463,78.09190705,130.70851517,9.31831624081633,41.8422437499997,95.9075523,15.0131475670068,19.0869823,22.0676211,0.914083669727891,3.3316393,5.43360643,13.6793674880952,18.0609392,21.77748989,211.857142857143,2.05125826385714,28,8.29889894392857,36,8.25635646492857,36,3.18301593692857,4
primary_10,2,B,FIXED_C4,1,6,transition,15,16,180,60,33.3333333333333,30.9695247055556,38.03371155,40.41251449,4.36299086111111,14.81267925,16.14984421,14.2072237777778,18.2537481,19.250334,0.654334983333333,2.4566014,3.58249841,11.7449750833333,13.8858897,14.8325305,181,0.785338355,3,5.603389698,9,5.575838714,9,2.586175531,4
primary_10,2,B,FIXED_C4,1,6,phase_remainder,16,30,2520,830,32.9365079365079,31.1625849904762,38.87755245,40.4558281,4.25566738373016,15.04782835,16.8105484,14.1485302321429,18.60231475,19.82706274,0.58450828015873,1.94407015,3.50757369,12.1738790944444,14.8603649,16.15138621,180,0.766020129071429,4,5.60959486307143,12,5.57997598285714,12,2.54706500657143,4
primary_10,2,B,FIXED_C4,2,7,transition,30,31,210,93,44.2857142857143,34.1656994952381,45.16139355,47.25637482,5.35779133333333,14.78252445,15.5639558,14.9609448571429,18.263584,21.94313834,0.733143195238095,2.42149605,3.1726363,13.1138201095238,16.6400096,18.59799595,209,1.12513618,4,7.144159997,11,7.107424211,11,3.111161523,4
primary_10,2,B,FIXED_C4,2,7,phase_remainder,31,45,2940,1334,45.3741496598639,34.4598694445578,45.37602735,48.35431563,5.36050900816327,15.1233539,17.03251947,14.8605029091837,18.8732221,21.02002827,0.932040775510204,3.32882145,5.10103976,13.3068167517007,16.99849015,19.29798178,210,1.12570689171429,6,7.23734377864286,14,7.19038643071429,14,3.12147680621429,4
primary_10,2,B,FIXED_C4,3,6,transition,45,46,180,59,32.7777777777778,30.7410140055556,38.5118405,39.38165288,4.16044338888889,14.3242911,16.35048944,13.9685379277778,18.16645735,19.63029545,0.49732685,1.37008624999999,3.01979669,12.1147058388889,14.9586754,15.68837423,181,0.74887981,3,5.546582094,9,5.518874013,9,2.5275364,4
primary_10,2,B,FIXED_C4,3,6,phase_remainder,46,60,2520,812,32.2222222222222,30.9873833380952,38.743857,40.12560192,4.20913809563492,14.84764955,16.3446705,14.0681295019841,18.3431858,19.63488002,0.575336428571429,1.88255885,3.30725884,12.1347793119048,14.68747975,16.40629147,180.071428571429,0.757644857214286,4,5.57807927985714,10,5.548389732,10,2.53261358935714,4
primary_11,2,A,FIXED_C2,0,6,startup,0,1,180,180,100,189.8956409,264.60829755,272.61317849,128.097379516667,183.51971595,189.57899254,9.93533113888889,13.93721875,26.0956815100001,31.4486523333333,153.80574115,169.13571374,20.4142779111111,24.2236925,201.88184782,159,22.038665599,43,32.960325687,49,32.858828935,49,1.586332644,2
primary_11,2,A,FIXED_C2,0,6,phase_remainder,1,15,2520,876,34.7619047619048,30.5583781761905,39.4300359,102.27462235,9.26545753690476,17.0311765,78.8384252999999,8.66011873650794,10.20658965,11.46981855,0.582036770634921,1.8698178,3.1093942,12.0507651321429,14.8331601,17.66812077,181.357142857143,1.74055826478571,21,5.58704460014286,27,5.55755130164286,27,1.57258199285714,2
primary_11,2,A,FIXED_C2,1,7,transition,15,16,210,92,43.8095238095238,32.0291067571429,44.86893635,48.42522166,9.92396056190476,22.409047,23.64243264,8.52090164761905,10.1592245,11.26764353,0.718846557142857,2.5614789,3.84103545,12.8653979904762,16.26044795,18.27802804,209,2.081026325,6,6.71612982,11,6.682292579,11,1.78241214,2
primary_11,2,A,FIXED_C2,1,7,phase_remainder,16,30,2940,1273,43.2993197278912,31.8027293180272,44.8813291,48.36239237,9.7260798207483,22.42329695,24.21646623,8.50647505204082,10.5151422,11.94892232,0.694636995918367,2.4906384,4.20605233000001,12.8755374493197,16.4704839,18.55090978,210,2.04234304071429,7,6.67836779057143,12,6.643383792,12,1.78628811635714,2
primary_11,2,A,FIXED_C2,2,6,transition,30,31,180,57,31.6666666666667,28.6977791944444,38.9435043,39.52882701,7.20668458333333,15.6291361,16.55656837,8.66882946666667,9.9114052,10.3877923,0.690358966666667,2.46064865,3.39618127,12.1319061777778,14.6203632,17.03362386,181,1.302080721,4,5.18350458,9,5.151571148,9,1.573416133,2
primary_11,2,A,FIXED_C2,2,6,phase_remainder,31,45,2520,821,32.5793650793651,28.5578288936508,38.43769135,39.7999768,7.36521726944445,15.86278515,16.87048216,8.63236308293651,10.0483677,11.27263929,0.613403754365079,1.97784315,3.59946949,11.9468447869048,14.40534245,16.49384426,180,1.3257391085,5,5.13994437042857,10,5.10546956778571,10,1.5533605245,2
primary_11,2,A,FIXED_C2,3,7,transition,45,46,210,89,42.3809523809524,31.8079155238095,44.9680115,48.496619,9.60548501904762,22.46357825,23.55196896,8.50504127142857,10.3520279,13.23183309,0.650227252380952,2.54322585,3.96434631,13.0471619809524,16.81016525,18.57865133,209,2.012768078,6,6.669971363,10,6.634662615,10,1.780751546,2
primary_11,2,A,FIXED_C2,3,7,phase_remainder,46,60,2940,1281,43.5714285714286,31.8281921962585,44.85441425,48.53382978,9.61507020102041,22.07860805,23.80001471,8.50344837789116,10.55415675,12.23377194,0.710883624829932,2.5092546,4.30539458,12.998789992517,16.9393361,19.00010705,209.857142857143,2.01810718271429,7,6.68206805478571,12,6.64492503485714,12,1.78492941242857,2
primary_12,2,A,K_LOOKUP_C2_C4,0,6,startup,0,1,180,180,100,246.768500861111,316.30780675,325.7397874,158.999697494444,227.2411804,234.64814702,9.80798786666667,14.13630765,24.22576883,55.5849477166667,220.52460785,238.95440394,22.3758677833333,21.61003775,271.85908862,145,26.218269305,50,41.720603867,56,41.632535155,56,1.469387772,2
primary_12,2,A,K_LOOKUP_C2_C4,0,6,phase_remainder,1,15,2520,951,37.7380952380952,35.1538661230159,94.45388215,158.37414042,13.6991632234127,71.2534072999997,133.70971735,8.72472821071428,10.3297873,12.70099595,0.584799176587302,1.8234288,3.36046167,12.1451755123016,15.6056779,18.02462752,182.357142857143,2.63739768335714,35,6.51968642742857,41,6.49026383842857,41,1.59089330007143,2
primary_12,2,A,K_LOOKUP_C2_C4,1,7,transition,15,16,210,99,47.1428571428571,34.5849778333333,45.2191086,47.96520892,5.52752811904762,15.1862601,17.61373733,15.0100301142857,19.26460645,23.73457535,0.924217214285714,4.02977815,4.92736443,13.1232023857143,17.28116905,19.44786853,209,1.160780905,4,7.252137417,14,7.213408144,14,3.141398396,4
primary_12,2,A,K_LOOKUP_C2_C4,1,7,phase_remainder,16,30,2940,1318,44.8299319727891,34.6331765319728,45.20570285,48.29544139,5.57989880034014,15.49075345,17.07283624,15.0041059659864,18.94598985,21.2945172,0.992379359863945,3.34219325,5.36609644,13.0567924057823,16.5574438,18.50022834,210,1.17177874807143,6,7.27305596892857,14,7.22880191371429,14,3.15095115007143,4
primary_12,2,A,K_LOOKUP_C2_C4,2,6,transition,30,31,180,59,32.7777777777778,28.718621,38.62604445,39.6452052,7.18082594444444,16.0030105,16.88814144,8.60395837222222,9.80205235,11.00407416,0.618902844444444,2.05895385,3.9496037,12.3149338388889,15.46327085,18.25503156,181,1.29254867,4,5.179096623,9,5.151001245,9,1.55845735,3
primary_12,2,A,K_LOOKUP_C2_C4,2,6,phase_remainder,31,45,2520,819,32.5,28.5934170055556,38.4058507,39.96334945,7.49134993293651,16.1076453,17.01066579,8.69030588690476,10.06317815,11.25510042,0.573135884126984,1.9285266,3.43903017,11.8386253015873,14.31515275,16.14841118,180,1.34844298792857,6,5.1468466985,12,5.11808171928571,12,1.56428669714286,2
primary_12,2,A,K_LOOKUP_C2_C4,3,7,transition,45,46,210,93,44.2857142857143,33.9870786904762,44.29692295,45.12287463,5.50047803809524,14.85031855,15.66514434,14.7276576809524,18.1832623,19.69743018,0.892479076190476,2.89276,3.51591234,12.8664638952381,15.91505295,17.02149455,208,1.155100388,4,7.111581742,11,7.074444218,11,3.06710333,4
primary_12,2,A,K_LOOKUP_C2_C4,3,7,phase_remainder,46,60,2940,1323,45,34.6608463571429,45.46156175,47.64334434,5.66976959217687,15.5359341,16.98136818,15.1258162292517,19.0521885,20.83740187,0.926999893197279,3.23287255,4.92238734,12.938260642517,16.3611431,18.19083804,210.071428571429,1.19065161435714,6,7.28043500342857,14,7.2361600385,14,3.17807867657143,4
primary_13,3,A,K_LOOKUP_C2_C4,0,6,startup,0,1,180,180,100,187.351044533333,263.2094786,307.28959642,125.499290188889,173.5597052,181.3374795,10.1915923277778,14.0647065,34.2767242800001,30.3700766166667,139.45669185,174.66488331,21.2900854,32.4562326999999,179.51288824,157,21.567470179,39,32.498389139,48,32.42621938,48,1.632089797,2
primary_13,3,A,K_LOOKUP_C2_C4,0,6,phase_remainder,1,15,2520,872,34.6031746031746,30.6807507920635,39.43852075,107.75925756,9.34973228571429,16.5981687,84.8989623299999,8.65910320992064,10.09028615,11.37891548,0.567601778174603,1.87157575,3.415192,12.104313518254,14.86064925,16.56971138,181.5,1.75598052964286,23,5.60871724957143,29,5.57961050942857,29,1.57179196657143,2
primary_13,3,A,K_LOOKUP_C2_C4,1,7,transition,15,16,210,94,44.7619047619048,34.6296314190476,45.43065425,46.92796963,5.43053541904762,14.86705605,16.1512337,14.888137852381,19.0033038,21.37502951,0.904075571428571,3.50591805,4.92003989,13.4068825761905,17.062857,18.82777171,209,1.140412438,4,7.267182733,13,7.224552714,13,3.121469084,4
primary_13,3,A,K_LOOKUP_C2_C4,1,7,phase_remainder,16,30,2940,1341,45.6122448979592,34.5455671261905,45.1380546,48.08723414,5.42625658741497,15.1114659,16.87428313,14.852889052381,18.88729975,21.16706662,0.898809031972789,3.1573269,4.7030717,13.3676124544218,17.0062301,18.98904932,210,1.13951388335714,6,7.25514463057143,14,7.20742848628571,14,3.11968223507143,4
primary_13,3,A,K_LOOKUP_C2_C4,2,6,transition,30,31,180,58,32.2222222222222,28.68468815,38.08442975,40.70967516,7.24153967777778,16.0374412,16.71592107,8.61800232222222,9.8199411,10.75866387,0.606805344444444,1.98442205,3.75148426000001,12.2183408055556,14.74071915,16.18319973,181,1.303477142,4,5.168924432,9,5.140262967,9,1.556920983,3
primary_13,3,A,K_LOOKUP_C2_C4,2,6,phase_remainder,31,45,2520,815,32.3412698412698,28.6685611293651,38.54481465,40.38665804,7.35182117103175,15.80710955,16.75863122,8.64203447460317,9.9293209,11.21563358,0.58610390952381,1.8505682,3.20864309,12.0886015742064,14.6906992,16.59887329,180,1.32332781078571,7,5.16027596871429,12,5.12925722185714,12,1.55550117085714,2
primary_13,3,A,K_LOOKUP_C2_C4,3,7,transition,45,46,210,101,48.0952380952381,34.9629177666667,45.0488102,49.2061171,5.5864383,15.306606,17.21893655,15.0554039904762,19.07656155,21.08349569,0.831255314285714,2.4968404,5.84242276,13.4898201619048,17.1926166,17.9786113,207,1.172997103,4,7.319806844,14,7.279990058,14,3.139383891,4
primary_13,3,A,K_LOOKUP_C2_C4,3,7,phase_remainder,46,60,2940,1327,45.1360544217687,34.6498126384354,45.2820965,47.41733559,5.50102426564626,15.15785765,16.88161249,14.9888862632653,18.98671435,21.1479263,0.941227961904762,3.36911615,5.19435867000001,13.218674147619,16.7201342,18.60361759,210.142857142857,1.15522616292857,5,7.27746129835714,14,7.233399847,14,3.14865569242857,4
primary_14,3,B,FIXED_C2,0,7,startup,0,1,210,210,100,249.185459842857,314.7288079,326.07750856,180.552622595238,238.18467915,244.107255,9.85022182857143,13.5210885,19.00630338,37.5954050428571,166.5129738,207.32197528,21.1872103761905,31.8819165999999,235.11479975,162,32.79661123,53,46.766877854,57,46.682113515,57,1.625917386,2
primary_14,3,B,FIXED_C2,0,7,phase_remainder,1,15,2940,2940,100,272.72957437449,318.118885,325.82121618,248.258511244558,291.62954485,299.89660001,9.41061565238095,12.93312995,15.76646771,0.807837607823129,3.1759271,6.49553565,14.2526098697279,18.8740906,21.39963272,209.857142857143,52.1406186737857,66,57.2806338820714,71,57.2447671758571,71,1.977321238,2
primary_14,3,B,FIXED_C2,1,6,transition,15,16,180,180,100,159.137294166667,229.96329395,240.2700946,135.350954527778,208.16221685,216.83446626,9.21950938888889,12.5312534,14.53168502,0.627388455555556,1.82761669999999,5.71775321,13.9394417944444,18.97298985,21.30403634,216,29.091782273,50,33.6870655,56,33.660050798,56,1.973253782,2
primary_14,3,B,FIXED_C2,1,6,phase_remainder,16,30,2520,856,33.968253968254,29.4102209063492,38.9185282,62.9037561899999,8.11254165555556,16.39517015,37.6852527999999,8.67083511944444,10.06669085,11.58264476,0.589338656349206,1.8508134,3.32429042,12.037505475,14.64435275,16.54097363,180.857142857143,1.48184254678571,13,5.32261372978571,20,5.29246989485714,20,1.56793923935714,2
primary_14,3,B,FIXED_C2,2,7,transition,30,31,210,88,41.9047619047619,31.5685992904762,44.3387759,47.00442208,9.58951182857143,22.09812355,23.53548417,8.47727907619048,10.2571109,11.13147659,0.799849185714286,2.83824274999999,5.00197529,12.7019592,16.6068195,18.50016481,209,2.009422545,5,6.622113935,10,6.580427575,10,1.777311629,2
primary_14,3,B,FIXED_C2,2,7,phase_remainder,31,45,2940,1282,43.6054421768707,31.9327581717687,44.7765872,48.5518305,9.84610501156463,22.59063875,24.39098945,8.49021419387755,10.49292235,12.13370049,0.708551882653061,2.4729066,4.39836711,12.8878870836735,16.41438185,18.03450644,210,2.06758607428571,8,6.705678536,12,6.66956697385714,12,1.78284027878571,2
primary_14,3,B,FIXED_C2,3,6,transition,45,46,180,60,33.3333333333333,28.9412391611111,38.6871821,39.14316064,7.3648991,15.90721365,16.74630303,8.82506447777778,10.01365995,10.90011204,0.676572088888889,1.8987408,3.18449257,12.0747034944444,14.5750706,15.56602977,181,1.331400471,4,5.22366559,9,5.191642767,9,1.597035514,2
primary_14,3,B,FIXED_C2,3,6,phase_remainder,46,60,2520,817,32.4206349206349,28.6427491210317,38.5956761,40.09667322,7.35135425515873,15.98011655,16.96780911,8.65411393968254,10.0163348,11.58982857,0.608624855952381,1.93327065,3.73184229,12.0286560702381,14.7150818,16.7138489,179.857142857143,1.32240542164286,4,5.15372355685714,8,5.12375322935714,8,1.5566075685,2
primary_15,3,B,K_LOOKUP_C2_C4,0,7,startup,0,1,210,210,100,203.55707462381,265.62718055,285.00151338,123.910250328571,164.3882686,173.08961257,18.133192652381,23.8055299,49.38978551,37.9732796047619,146.5728299,173.23343024,23.5403520380952,37.4396015,182.5114545,177,24.074744887,39,40.261149959,52,40.090926893,52,3.268542427,4
primary_15,3,B,K_LOOKUP_C2_C4,0,7,phase_remainder,1,15,2940,1525,51.8707482993197,42.3305951836735,108.6580527,147.55462236,12.3114787748299,69.1697617,111.97155448,15.3376376663265,19.52440465,23.60480058,1.02144665340136,3.48190275,5.2873459,13.6600320891156,18.45479905,22.8740929,212.142857142857,2.72443966285714,31,9.06488587328571,40,9.01696309507143,40,3.2573356745,4
primary_15,3,B,K_LOOKUP_C2_C4,1,6,transition,15,16,180,60,33.3333333333333,28.60823435,38.8286625,40.44218796,7.11296615555556,15.37915445,16.10249953,8.71620214444444,10.64470525,11.89077206,0.558071711111111,1.71005355,2.98229248,12.2209943388889,16.0139044,17.50723986,181,1.280333908,4,5.165024783,9,5.134783151,9,1.584458986,3
primary_15,3,B,K_LOOKUP_C2_C4,1,6,phase_remainder,16,30,2520,820,32.5396825396825,28.7511037257936,38.66621585,40.19225123,7.41469835595238,15.9980226,16.86638068,8.67219278690476,10.023563,10.97905997,0.560425603968254,1.8708173,3.20721586,12.1037869789683,14.84829215,16.55369473,180,1.33464570407143,4,5.1755709025,8,5.14634194635714,8,1.5613669335,2
primary_15,3,B,K_LOOKUP_C2_C4,2,7,transition,30,31,210,106,50.4761904761905,35.8899327904762,47.39765735,50.85926279,5.83612419523809,15.88066985,19.0607651,15.3063096285714,20.1863285,23.42429331,1.14338188571429,3.5265519,5.35989427,13.6041170809524,17.9480225,18.73991237,209,1.225586081,5,7.519329775,14,7.439504042,14,3.196768911,4
primary_15,3,B,K_LOOKUP_C2_C4,2,7,phase_remainder,31,45,2940,1337,45.4761904761905,34.7491431659864,45.54351365,48.64226418,5.53180035680272,15.4665642,17.32845389,15.0122203513605,19.05969095,21.89361383,0.921221339795918,3.22546399999999,5.00587594000001,13.2839011180272,17.240458,19.11783949,209.928571428571,1.16167807492857,7,7.29692276514286,14,7.2520533835,14,3.15216897407143,4
primary_15,3,B,K_LOOKUP_C2_C4,3,6,transition,45,46,180,59,32.7777777777778,29.0192456333333,39.81681305,40.61238798,7.29135732777778,15.8056843,17.03539736,8.73550645555556,10.06666495,12.2044582,0.590264794444445,1.89053255,2.8044628,12.4021170555556,15.86559065,16.85822422,182,1.312444319,4,5.245291633,10,5.215937841,10,1.594218581,4
primary_15,3,B,K_LOOKUP_C2_C4,3,6,phase_remainder,46,60,2520,815,32.3412698412698,28.6540408920635,38.5666006,39.97193874,7.40407184126984,15.9711822,16.7922965,8.67176339404762,9.95170015,11.31516122,0.568977548015873,1.90328075,3.34762945,12.0092281087302,14.61759625,16.49606194,179.928571428571,1.33236035657143,4,5.15722148514286,8,5.12923875778571,8,1.56078411035714,2
primary_16,3,A,FIXED_C4,0,6,startup,0,1,180,180,100,304.436423555556,412.1945571,432.40589331,102.103295927778,124.28775525,126.15640344,18.0045583,21.74091985,60.68219597,149.962179433333,304.68875315,319.63754889,34.3663898944444,35.8237222,352.39948958,140,15.800662192,31,51.229897202,78,51.139721445,78,2.586613886,4
primary_16,3,A,FIXED_C4,0,6,phase_remainder,1,15,2520,895,35.515873015873,35.0855334678571,40.9775028,150.7273618,7.46070608928571,17.28626195,98.89493908,14.3887289956349,18.71040805,20.12157876,0.943893403571429,2.38606175,8.03857610999993,12.2922049793651,15.5692954,24.22859372,182.714285714286,1.52706503,28,6.56992778235714,46,6.53940167035714,46,2.63632780378571,4
primary_16,3,A,FIXED_C4,1,7,transition,15,16,210,101,48.0952380952381,35.0448029190476,45.3681393,47.95114427,5.73606110952381,15.9349335,17.49619081,15.3455025809524,19.5071489,21.15291165,0.80000250952381,3.0105911,5.16342312,13.1632367190476,17.19827015,18.80132386,209,1.204572833,4,7.33594126,13,7.294211348,13,3.199088189,4
primary_16,3,A,FIXED_C4,1,7,phase_remainder,16,30,2940,1301,44.2517006802721,34.5659428833333,45.08666885,47.80403103,5.56718456632653,15.3754369,16.73277755,14.9863786768707,18.8179992,20.52670929,0.965554982653061,3.190299,5.11285567000001,13.046824657483,16.58192335,18.43698052,209.928571428571,1.16910875892857,6,7.25835625785714,14,7.21242773114286,14,3.1466477745,4
primary_16,3,A,FIXED_C4,2,6,transition,30,31,180,59,32.7777777777778,31.1462027777778,38.4392256,39.35598818,4.38622522222222,15.19898785,15.94648923,14.2253785555556,18.6674111,19.78548025,0.584347438888889,1.91918089999999,3.00101405,11.9502515611111,14.4480119,16.98724896,182,0.78952054,3,5.633289156,10,5.604255244,10,2.587540796,4
primary_16,3,A,FIXED_C4,2,6,phase_remainder,31,45,2520,832,33.015873015873,31.1996772206349,39.0010374,40.51425518,4.41675996031746,15.40120645,16.76750531,14.2255731063492,18.64304205,20.11804041,0.619046115873016,2.0256952,3.74474223,11.9382980380952,14.5862401,16.15474989,180,0.795016792857143,4,5.61573421821429,12,5.58548104571429,12,2.56039547764286,4
primary_16,3,A,FIXED_C4,3,7,transition,45,46,210,93,44.2857142857143,34.6359843142857,45.7426406,48.55132075,5.4525313,15.24798105,15.96652495,15.1430286095238,19.07102835,21.15508658,0.956194476190476,3.1477468,4.92314699,13.0842299285714,16.8745665,17.97981022,209,1.145031573,3,7.251403139,11,7.209852391,11,3.157882441,4
primary_16,3,A,FIXED_C4,3,7,phase_remainder,46,60,2940,1335,45.4081632653061,34.7477929921769,45.4358194,48.4301407,5.68445064251701,15.4027155,17.42569716,15.0968703731293,18.994773,21.90817629,0.976137729931973,3.34443465,5.15203119,12.9903342465986,16.51557345,18.34162515,210,1.19373463492857,6,7.29829473957143,14,7.25402166214286,14,3.17160098957143,4
primary_17,3,B,FIXED_C4,0,7,startup,0,1,210,210,100,269.731228671429,320.57368485,326.88040147,156.89358882381,201.6292107,207.20792981,17.970087047619,20.6005403,64.49362732,65.8909589238095,209.2259386,220.615109,28.9765938761905,35.49833605,252.82791322,163,28.851418729,49,51.766519795,70,51.559166893,69,2.992914978,4
primary_17,3,B,FIXED_C4,0,7,phase_remainder,1,15,2940,1575,53.5714285714286,47.3347790639456,152.2578704,207.58010426,17.4042814122449,116.2583469,173.90402796,15.3768155285714,19.5785323,22.19983482,0.983930990816326,3.45931855,5.37198851,13.5697511323129,17.70161945,20.22437582,213.142857142857,3.94748730542857,47,10.2872696650714,54,10.2357701937143,54,3.28350911378571,4
primary_17,3,B,FIXED_C4,1,6,transition,15,16,180,59,32.7777777777778,31.3023832777778,39.04116835,40.31701568,4.23415187222222,15.01416,16.50970907,14.2247138111111,18.58034665,21.36746963,0.558434838888889,1.34642945,2.48232640000001,12.2850827555556,14.7222039,15.53438744,181,0.762147337,3,5.642446151,10,5.610934191,10,2.568465647,4
primary_17,3,B,FIXED_C4,1,6,phase_remainder,16,30,2520,828,32.8571428571429,31.2599891896825,38.9501653,40.23922184,4.39099482103175,15.35233695,16.82419734,14.2604029865079,18.6958009,19.78930276,0.58538634484127,1.8910835,3.41991439,12.0232050373016,14.50385015,16.49274067,180,0.790379067785714,4,5.62720626385714,10,5.59680425064286,9,2.56728074728571,4
primary_17,3,B,FIXED_C4,2,7,transition,30,31,210,94,44.7619047619048,34.638866247619,44.5172292,46.2834588,5.26244571904762,14.8138585,16.22637294,15.0738271095238,18.74584635,19.59163932,0.920004671428571,3.02428675,4.12195706,13.382588747619,16.93829545,19.14823463,209,1.105113601,4,7.259004235,11,7.212108892,11,3.150346016,4
primary_17,3,B,FIXED_C4,2,7,phase_remainder,31,45,2940,1362,46.3265306122449,34.8814896336735,45.7379355,48.93726704,5.54674544421769,15.3541854,17.2268516,15.0586076765306,19.13438635,21.45438585,0.97134029829932,3.4187306,5.51088172,13.3047962146259,17.01062505,19.39362801,210,1.16481654328571,6,7.32482931992857,14,7.28097424692857,14,3.16202410892857,4
primary_17,3,B,FIXED_C4,3,6,transition,45,46,180,57,31.6666666666667,31.1647147722222,38.61014185,38.99512,4.4137686,15.07872985,15.9837707,14.1560157666667,18.19329605,19.1278191,0.519882983333333,1.65481994999999,3.07559443000001,12.0750474222222,14.14828655,15.65787369,181,0.794478348,3,5.624368629,9,5.596393274,9,2.562802808,4
primary_17,3,B,FIXED_C4,3,6,phase_remainder,46,60,2520,833,33.0555555555556,31.2884173154762,39.06614575,40.48827963,4.3798103047619,15.15961885,16.71601187,14.2334525242063,18.55037385,19.86404133,0.603168370238095,1.9636953,3.36100433,12.0719861162698,14.66657115,16.64980457,180,0.788365854857143,4,5.63240783371429,9,5.6022637975,9,2.56251417128571,4
primary_18,3,A,FIXED_C2,0,6,startup,0,1,180,180,100,247.551171888889,319.6114344,322.93831592,163.142671711111,227.5201547,235.25557788,10.3150278833333,13.22468445,36.4238612800001,52.1600211444444,188.8827601,208.857234,21.93345115,56.7606778499999,216.02090955,149,27.288644554,54,42.183141567,60,42.116283959,58,1.557672,2
primary_18,3,A,FIXED_C2,0,6,phase_remainder,1,15,2520,911,36.1507936507937,32.8331120555556,42.9631305999999,145.85885412,11.3324717944444,19.2312142499998,120.61817043,8.67839566865079,10.1657779,11.50285826,0.586658612698413,2.0038912,3.47908263,12.2355859797619,15.27229805,17.13873278,182.071428571429,2.18820466257143,32,6.07890762814286,37,6.04998681521429,37,1.58269893892857,2
primary_18,3,A,FIXED_C2,1,7,transition,15,16,210,90,42.8571428571429,31.6530089047619,44.58126045,46.60190029,9.5989555,22.2383376,23.39891089,8.49112581904762,10.29671245,11.40139474,0.681320914285714,2.0431494,3.73304482,12.8816066714286,16.03518325,18.43815731,209,2.011121873,5,6.634968627,10,6.592495919,10,1.775631961,2
primary_18,3,A,FIXED_C2,1,7,phase_remainder,16,30,2940,1269,43.1632653061224,31.8943502663265,44.89528535,47.84382895,9.60340211292517,22.07493335,24.17344601,8.48985134115646,10.4970947,12.10670642,0.706410825170068,2.47791765,4.32325962000001,13.0946859870748,16.9079866,18.81910628,210,2.01685292464286,6,6.69827684257143,12,6.66111509814286,12,1.78319358735714,2
primary_18,3,A,FIXED_C2,2,6,transition,30,31,180,60,33.3333333333333,28.9822987666667,38.56653455,39.66707525,7.59630237222222,16.2647288,16.91342188,8.83103531666667,9.8955962,10.48270998,0.5316666,1.8928187,2.51990122,12.0232944777778,14.98699835,16.88731109,181,1.370054476,4,5.226545471,9,5.197055433,9,1.596598001,2
primary_18,3,A,FIXED_C2,2,6,phase_remainder,31,45,2520,828,32.8571428571429,28.7339458734127,38.5699901,40.07952649,7.41684032698413,15.9260923,16.97953606,8.6386671531746,10.12522905,11.21438096,0.620892957936508,1.9538999,3.74075841,12.0575454353175,14.65994395,16.57456238,180,1.33503125885714,6,5.17207144942857,12,5.14222964221429,12,1.55492127978571,2
primary_18,3,A,FIXED_C2,3,7,transition,45,46,210,90,42.8571428571429,31.709412252381,44.4271046,46.69185016,9.4711965047619,22.35345265,23.60555979,8.43227906666667,10.2832927,11.22116904,0.769712166666667,2.5164986,4.12103509,13.0362245142857,16.7258134,18.06272025,209,1.983140917,5,6.643794935,10,6.610553571,10,1.761407315,2
primary_18,3,A,FIXED_C2,3,7,phase_remainder,46,60,2940,1282,43.6054421768707,31.9615652870748,45.07471455,48.950064,9.79339146190476,22.60226935,24.50178359,8.52657679863946,10.6111444,12.2005754,0.715180145578231,2.6280081,4.51589242000001,12.9264168809524,16.54132785,18.68972202,210,2.05613373228571,7,6.71077199964286,12,6.67431356871429,12,1.78990289178571,2
primary_19,4,B,K_LOOKUP_C2_C4,0,7,startup,0,1,210,210,100,201.874444290476,303.6899123,326.08717102,124.933260661905,163.99109025,168.7075871,17.9926047095238,21.64526475,55.15716044,36.3919114666667,169.3853161,215.13144856,22.556667452381,34.5022016,235.77108328,179,24.616834904,40,40.275978336,55,40.186188141,55,3.279941859,4
primary_19,4,B,K_LOOKUP_C2_C4,0,7,phase_remainder,1,15,2940,1756,59.7278911564626,42.2963815608843,89.8842598,140.9480436,10.5269920534014,55.1464797999999,108.02017573,15.606404987415,20.60666375,24.64278381,1.0929233547619,4.1444347,7.06129078,15.0700611653061,19.5821221,21.6728175,211.857142857143,2.32546395614286,30,9.02956838614286,38,8.97949458571428,38,3.30987768078571,4
primary_19,4,B,K_LOOKUP_C2_C4,1,6,transition,15,16,180,62,34.4444444444444,30.4165782722222,40.83528955,42.21886806,6.90763495,14.87590375,16.67886178,8.86127945555556,10.4017051,11.55336297,0.683127755555556,2.98058764999999,4.11718462000001,13.9645361111111,16.93429595,18.0971187,183,1.255385377,5,5.516160404,11,5.48849669,11,1.624195531,4
primary_19,4,B,K_LOOKUP_C2_C4,1,6,phase_remainder,16,30,2520,847,33.6111111111111,30.2726287837302,40.8280108,42.49453361,6.9017768234127,15.3016044,16.75662219,8.95450485357143,10.91553565,12.14322551,0.646148423412698,2.38784455,4.91486777999999,13.7701986833333,17.65982565,19.4343986,180,1.24231982821429,5,5.4496249685,10,5.42139421792857,10,1.61236266107143,2
primary_19,4,B,K_LOOKUP_C2_C4,2,7,transition,30,31,210,128,60.952380952381,37.845934652381,49.6228486,53.25613744,6.0564802047619,16.44056965,18.91702458,15.7158256761905,20.70592275,24.45734952,1.09071162857143,4.16339054999999,7.54473602,14.9829171428571,19.177989,20.53311452,209,1.271860843,6,7.934443359,14,7.885073385,14,3.287120474,4
primary_19,4,B,K_LOOKUP_C2_C4,2,7,phase_remainder,31,45,2940,1690,57.4829931972789,37.4665251510204,48.50792655,54.80031235,5.67094353231292,16.1493578,19.38623598,15.535952347619,20.93011065,24.78915807,1.05611591496599,4.3615161,6.95759391000001,15.2035133561224,19.72614885,21.75857828,209.928571428571,1.19072600114286,6,7.86789041578571,14,7.82079592085714,14,3.26264226771429,4
primary_19,4,B,K_LOOKUP_C2_C4,3,6,transition,45,46,180,60,33.3333333333333,30.1131902277778,40.64906605,41.71320165,6.80762183333333,14.7450432,16.24293135,8.86248055555556,10.1188507,11.27591185,0.640136522222222,1.89419485,3.87313165000001,13.8029513166667,17.6179192,18.92782639,182,1.227781899,4,5.431600888,10,5.398062942,9,1.604063178,3
primary_19,4,B,K_LOOKUP_C2_C4,3,6,phase_remainder,46,60,2520,846,33.5714285714286,30.0222588686508,40.6907422,41.93902026,6.68771357936508,15.23223625,16.57001257,8.9214447702381,10.9892273,12.23775774,0.632902763492064,2.2606492,5.20755472999999,13.7801977555556,17.63113275,19.44131455,180,1.20378844428571,4,5.40389961221429,10,5.3755906385,10,1.6057530745,2
primary_20,4,A,FIXED_C4,0,6,startup,0,1,180,180,100,194.379400438889,289.3129609,298.38280212,104.276162138889,159.95147015,165.83573127,18.2793523222222,24.1656993,42.6450640400001,48.1288108111111,195.6526286,211.91457841,23.6950751666667,32.731357,242.31824971,166,18.445277608,40,34.388861553,54,34.327246478,54,3.015284469,4
primary_20,4,A,FIXED_C4,0,6,phase_remainder,1,15,2520,857,34.0079365079365,31.9296866853175,39.61148815,61.48229893,4.88982793531746,15.6107234,31.0712995499998,14.3068240793651,18.8330235,20.403578,0.609697778968254,2.16631854999999,3.586109,12.1233368916667,15.10479175,17.47105503,180.857142857143,0.903342712428571,13,5.789446257,21,5.76015799485714,21,2.59415730385714,4
primary_20,4,A,FIXED_C4,1,7,transition,15,16,210,107,50.9523809523809,35.3487154380952,46.91344275,50.53666567,5.67034120952381,16.1598809,19.35717075,15.2473492571429,20.01868515,22.99500744,0.818213328571428,2.38252085,4.86092114,13.6128116428571,17.81159025,21.06597344,206,1.189689114,6,7.405626457,14,7.366544335,14,3.185422099,4
primary_20,4,A,FIXED_C4,1,7,phase_remainder,16,30,2940,1326,45.1020408163265,34.8019733622449,45.6006826,48.1179921,5.59328332108844,15.34259955,17.29746487,15.1112819323129,19.0508812,20.88252861,0.96741411292517,3.35941635,4.82692257,13.1299939959184,16.67685455,18.74433012,210.214285714286,1.17466682171429,6,7.30760515871429,14,7.26186227407143,14,3.17248263414286,4
primary_20,4,A,FIXED_C4,2,6,transition,30,31,180,64,35.5555555555556,32.0138099222222,40.89944605,42.61271102,4.40772913888889,15.02631065,16.78571025,14.4373066388889,18.7267683,19.80655216,0.702376572222222,2.9893951,3.96479474,12.4663975722222,15.66864025,17.49244067,181,0.793391245,3,5.792074293,10,5.763621703,10,2.628303702,4
primary_20,4,A,FIXED_C4,2,6,phase_remainder,31,45,2520,836,33.1746031746032,31.2722987670635,38.9422114,40.90076784,4.39039877777778,15.1620757,16.91326939,14.225969515873,18.767418,20.01610502,0.634477035714286,2.14410305,3.66873537,12.0214534376984,14.54611975,16.38471956,180,0.79027178,4,5.62916567742857,12,5.59767961392857,12,2.56082641221429,4
primary_20,4,A,FIXED_C4,3,7,transition,45,46,210,91,43.3333333333333,34.7741787238095,45.0033711,46.69848015,5.6554128,15.4616041,17.94112758,15.2428558190476,19.0961711,20.74383275,1.07271504285714,3.4602668,6.09754294999999,12.8031950619048,16.334487,17.30961156,209,1.187636688,4,7.276579936,12,7.231166061,12,3.175002126,4
primary_20,4,A,FIXED_C4,3,7,phase_remainder,46,60,2940,1331,45.2721088435374,34.7179097068027,45.72214055,47.965352,5.66300648605442,15.3848569,17.54994029,15.1223894486395,19.22810865,21.4009027,0.95973489659864,3.22330775,5.0303565,12.9727788755102,16.4692353,18.60626093,210,1.18923136207143,6,7.290064981,14,7.24438503342857,14,3.17500572678571,4
primary_21,4,B,FIXED_C4,0,7,startup,0,1,210,210,100,168.478496714286,223.00606645,280.75400638,104.949208919048,142.46094905,148.27199445,18.1236986285714,22.89557485,58.3578937,24.0345148,105.00486615,153.93523027,21.3710743666667,40.696291,143.89817283,186,21.106051304,35,34.065360282,47,33.986208781,47,3.424135253,4
primary_21,4,B,FIXED_C4,0,7,phase_remainder,1,15,2940,1449,49.2857142857143,37.9358692139456,63.15859995,109.05052819,8.28435306326531,27.6820211499998,72.98262008,15.1623070248299,19.35191845,22.30348168,1.00583156088435,3.42556225,5.60313139000001,13.483377564966,17.5980563,20.37368457,211.5,1.80637718392857,23,8.0588136455,31,8.01308821957143,31,3.20970254514286,4
primary_21,4,B,FIXED_C4,1,6,transition,15,16,180,59,32.7777777777778,31.6003817444444,39.22256685,41.11225021,4.28119980555556,15.0482475,17.24406131,14.3095399388889,19.0200108,19.70355692,0.804373333333333,3.05773755,4.53750033,12.2052686666667,15.55125445,17.230646,181,0.770615965,3,5.700639037,9,5.663713353,9,2.588287512,4
primary_21,4,B,FIXED_C4,1,6,phase_remainder,16,30,2520,825,32.7380952380952,31.2672299674603,38.991371,40.93770003,4.37778890357143,15.2199348,16.49541215,14.2228177972222,18.54979295,19.89472681,0.596806059920635,1.97812,3.22698447,12.069817206746,14.7073275,16.63507981,180,0.788002002642857,4,5.62809879435714,12,5.59896720135714,12,2.56010460371429,4
primary_21,4,B,FIXED_C4,2,7,transition,30,31,210,94,44.7619047619048,34.8308079238095,45.3363434,48.0410348,5.59865126190476,15.2400275,16.89651824,14.9410087190476,19.2004898,20.74441819,0.8789313,3.2901492,4.17134889,13.4122166428571,16.72555215,19.88744285,209,1.175716765,4,7.307375301,13,7.267408754,13,3.130517468,4
primary_21,4,B,FIXED_C4,2,7,phase_remainder,31,45,2940,1363,46.3605442176871,34.9917299537415,45.7977216,50.66482343,5.72662844115646,15.6432986,18.17635631,15.1174781816327,19.22751085,22.14296066,0.907986125170068,3.16384275,4.74763300000001,13.2396372057823,16.8624507,18.8928573,209.928571428571,1.20259197264286,9,7.34766632142857,17,7.30481352157143,17,3.17407344928571,4
primary_21,4,B,FIXED_C4,3,6,transition,45,46,180,64,35.5555555555556,31.6275306055556,39.12627745,41.6211260700001,4.64536516111111,15.05086065,16.62679768,14.4136759722222,18.90806035,21.06697779,0.73801565,2.96388085,5.1581423,11.8304738222222,14.1984983,18.28747459,182,0.836165729,4,5.71031749,12,5.664509608,12,2.611823656,4
primary_21,4,B,FIXED_C4,3,6,phase_remainder,46,60,2520,831,32.9761904761905,31.3433198357143,38.9230936,40.30736228,4.48392832579365,15.3211571,16.73923702,14.2880646900794,18.7141211,19.70254055,0.584536173809524,2.01646294999999,3.41173973,11.9867906460317,14.5317563,16.23220597,179.928571428571,0.807107098642857,4,5.64098255392857,11,5.61134457635714,11,2.57103662771429,4
primary_22,4,A,FIXED_C2,0,6,startup,0,1,180,180,100,182.696394466667,263.3956944,272.78389796,117.051475666667,170.5791839,178.82292632,10.1972317944444,14.86745035,21.9197968000002,34.5671332888889,151.6348163,181.76863626,20.8805537166667,41.9485337499997,181.49918241,158,19.970366186,38,31.568046277,46,31.512785173,46,1.61709643,2
primary_22,4,A,FIXED_C2,0,6,phase_remainder,1,15,2520,887,35.1984126984127,31.3218930436508,40.02352935,112.84691628,9.92549664444444,17.1418282,83.93723425,8.66085644325397,10.02973145,11.44639534,0.570303891269841,1.8425516,3.51229743,12.1652360646825,14.97971565,17.18077813,181.428571428571,1.86508221271429,24,5.73106144407143,28,5.70208804021429,28,1.57358203928571,2
primary_22,4,A,FIXED_C2,1,7,transition,15,16,210,91,43.3333333333333,32.1833124714286,45.64323945,48.18049636,9.56884964285714,21.97090865,24.56907461,8.6263308952381,10.7930772,13.22170384,0.739668971428571,2.5737219,4.59963833,13.2484629619048,17.46123055,19.02887145,209,2.004136079,6,6.748460911,11,6.704903009,11,1.806817126,2
primary_22,4,A,FIXED_C2,1,7,phase_remainder,16,30,2940,1303,44.3197278911565,32.229749547619,45.46656995,49.96961563,9.95286201666667,22.62221415,24.85106927,8.51902020408163,10.5062848,12.1926728,0.702652473129252,2.59772635,4.35455427,13.0552148537415,16.7990417,19.06998888,210,2.09011072557143,8,6.76840621557143,14,6.73253981257143,14,1.78914335135714,2
primary_22,4,A,FIXED_C2,2,6,transition,30,31,180,58,32.2222222222222,28.6430241722222,38.1732498,40.59328366,7.21559035555556,15.7963072,17.24027195,8.58204419444444,10.06103165,11.79370776,0.605916544444444,1.98105535,2.9174782,12.2394730777778,15.47437705,17.28225958,181,1.303992781,4,5.16958961,9,5.138916007,9,1.553426697,2
primary_22,4,A,FIXED_C2,2,6,phase_remainder,31,45,2520,827,32.8174603174603,28.8239184507936,38.59079275,40.24878382,7.41559872460317,15.8629863,16.9949324,8.65998466825397,10.1093903,11.20373809,0.606048946825397,1.9843325,3.56593821999999,12.1422861111111,14.86286015,16.33118385,180.071428571429,1.33480777042857,6,5.18854349221429,10,5.15745944321429,10,1.55903541135714,2
primary_22,4,A,FIXED_C2,3,7,transition,45,46,210,89,42.3809523809524,31.6297044571429,45.14528145,47.47641884,9.51643382380952,22.36043855,24.01662993,8.50231804761905,10.86603795,12.05629258,0.673748580952381,2.0218349,3.37521727,12.9372040047619,16.4876153,17.51732231,208,1.991378177,5,6.620058007,10,6.584745301,10,1.770379787,2
primary_22,4,A,FIXED_C2,3,7,phase_remainder,46,60,2940,1262,42.9251700680272,31.6881009795918,44.7706176,47.67609608,9.57793555442177,22.1670217,24.20872332,8.4751741792517,10.51841275,12.31391025,0.691935475170068,2.53175945,4.08881381,12.9430557707483,16.6385884,18.51011538,210,2.0114901325,7,6.65480703407143,12,6.61996822378571,12,1.77996873992857,2
primary_23,4,A,K_LOOKUP_C2_C4,0,6,startup,0,1,180,180,100,242.00044945,306.09685735,316.76358728,164.848516577778,225.11738485,234.03875327,10.0326976722222,14.1751119,26.3676529600001,45.38136195,189.88041555,205.71579716,21.73787325,23.16868315,238.60037844,147,27.506503904,52,41.113097857,56,40.937304583,56,1.525131617,2
primary_23,4,A,K_LOOKUP_C2_C4,0,6,phase_remainder,1,15,2520,929,36.8650793650794,34.0692408115079,79.8919144999997,154.55357993,12.4565060007937,51.1687989,130.11024972,8.68038958253968,10.2992563,12.34420081,0.584517946825397,2.05755624999999,3.67994583,12.3478272813492,15.7834662,18.47634562,182.214285714286,2.39690172871429,33,6.30666273957143,39,6.27804190592857,39,1.58193886978571,2
primary_23,4,A,K_LOOKUP_C2_C4,1,7,transition,15,16,210,103,49.047619047619,35.4076292809524,45.93230145,48.79028216,5.63327060476191,15.82187025,17.26644838,15.1995939666667,20.76216295,23.19421314,1.1180426047619,3.50732305,5.30158323,13.4567221047619,17.31478175,18.60804369,209,1.182986827,5,7.42157054,13,7.373327479,13,3.177883124,4
primary_23,4,A,K_LOOKUP_C2_C4,1,7,phase_remainder,16,30,2940,1346,45.7823129251701,34.8027237493197,45.4749927,48.0205275,5.50839586190476,15.2670805,17.19239911,14.981193822449,18.97160785,21.57614814,0.980331782312925,3.51130405,5.3724725,13.3328022826531,16.9817944,18.70327316,210,1.156763131,5,7.30751252342857,14,7.26520289892857,14,3.14499123878571,4
primary_23,4,A,K_LOOKUP_C2_C4,2,6,transition,30,31,180,59,32.7777777777778,29.0488803666667,38.75544005,41.01536805,7.40480421111111,15.67689985,16.74354615,8.80394186111111,9.9360353,10.73902444,0.634947194444445,2.29384245,3.45405582000001,12.2051871,14.3722006,15.55332275,181,1.332864758,4,5.257361062,9,5.226802632,9,1.613272131,3
primary_23,4,A,K_LOOKUP_C2_C4,2,6,phase_remainder,31,45,2520,823,32.6587301587302,28.8013457984127,38.8323427,40.31362035,7.33848979484127,15.8028735,16.89840886,8.66637604484127,10.0070753,11.19546927,0.589282011507937,1.83639714999999,3.30775109,12.2071979472222,14.9971461,16.85736633,180,1.32092816307143,8,5.18444599357143,12,5.15479412471429,12,1.56015143792857,2
primary_23,4,A,K_LOOKUP_C2_C4,3,7,transition,45,46,210,97,46.1904761904762,34.1985065095238,44.94663475,48.24726092,5.40107217619048,15.8843233,17.33316,14.8838574714286,18.9742905,20.98801809,0.891580080952381,3.4309766,5.18773436,13.0219967809524,15.62885545,17.34767338,209,1.134225157,4,7.169024729,12,7.123920874,12,3.112948431,4
primary_23,4,A,K_LOOKUP_C2_C4,3,7,phase_remainder,46,60,2940,1329,45.2040816326531,34.8070420081633,45.5985095,47.69859153,5.53892757517007,15.2948056,16.87258669,15.0157237982993,19.034455,21.72409456,0.996775746598639,3.4144984,5.28522276,13.2556148880952,16.72622125,18.60004169,210,1.16317479078571,5,7.30969326528571,14,7.26392013271429,14,3.15351644121429,4
primary_24,4,B,FIXED_C2,0,7,startup,0,1,210,210,100,234.2107914,264.2998388,307.1590382,177.34957262381,223.83308495,229.44951107,10.0546721619048,13.98451075,26.63868382,26.059611352381,131.39619595,160.45453936,20.7469352619048,25.0818162,189.9411248,163,32.424865319,49,43.942094152,55,43.872482731,55,1.687854044,2
primary_24,4,B,FIXED_C2,0,7,phase_remainder,1,15,2940,2940,100,259.526982521088,284.95260955,294.27931196,234.738868727551,258.1768429,268.67500718,9.43179274523809,13.1866333,15.57044785,0.811811452380952,3.42023105,6.30635334000001,14.5445095959184,19.2043119,22.06019493,209.714285714286,49.2298797035714,60,54.4325239951429,65,54.394048921,65,1.97781687142857,2
primary_24,4,B,FIXED_C2,1,6,transition,15,16,180,180,100,176.858868361111,240.2229292,254.73391336,153.199241877778,221.2191271,233.4750308,9.31694418888889,13.40974885,14.65939377,0.596519288888889,2.17182775,4.7650734,13.7461630055556,18.39966105,20.36596949,210,32.519260968,52,37.070274875,57,37.040474709,57,1.969331094,2
primary_24,4,B,FIXED_C2,1,6,phase_remainder,16,30,2520,891,35.3571428571429,31.2896821928571,41.4314021,82.75069989,8.04354144246032,15.9827719,59.33916554,8.86824144126984,10.91416585,12.81034097,0.645583894047619,2.9971426,4.96568881,13.7323154150794,17.3887093,19.35069884,181.357142857143,1.50420215328571,21,5.69960972735714,27,5.67148032435714,27,1.60738569842857,2
primary_24,4,B,FIXED_C2,2,7,transition,30,31,210,104,49.5238095238095,35.2220056333333,50.0352393,52.88314034,10.4494922619048,23.10696625,24.49355096,9.04192355714286,12.4340936,13.52399152,0.805360314285714,3.30404009999999,5.52599873,14.9252295,19.47056195,20.68750947,209,2.186989505,6,7.38399373,12,7.350532577,12,1.893580364,2
primary_24,4,B,FIXED_C2,2,7,phase_remainder,31,45,2940,1400,47.6190476190476,33.7148117193878,50.8651096,65.4036882,11.0485150187075,25.12363615,40.18760353,8.61911389591837,10.94213155,12.77645549,0.715152799319728,2.5628247,4.37169805,13.3320300054422,17.39605205,19.51469943,210,2.32063193071429,11,7.08061193492857,17,7.04565938342857,17,1.81007161521429,2
primary_24,4,B,FIXED_C2,3,6,transition,45,46,180,54,30,28.1034944944444,37.68731835,38.82339146,7.1248917,15.40827335,16.59589689,8.47668112777778,9.72792485,10.45228585,0.576479805555556,1.8267927,2.98488065,11.9254418611111,14.384942,15.20924893,181,1.283671501,4,5.071263697,9,5.037886689,8,1.537246296,2
primary_24,4,B,FIXED_C2,3,6,phase_remainder,46,60,2520,811,32.1825396825397,28.3518322988095,38.27884345,39.6036506,7.23317382380952,15.7335328,16.58106357,8.63804452976191,10.0416675,11.1498653,0.542687815873016,1.84616125,3.18103903,11.9379261293651,14.53701825,16.03392002,180,1.301886761,4,5.10265732314286,8,5.07504160257143,8,1.554260052,2
primary_25,5,A,FIXED_C2,0,6,startup,0,1,180,180,100,192.401350716667,273.30433625,285.94490067,129.154252194444,177.5379527,185.43961671,10.1932442611111,13.78174025,36.5062564700001,32.1512631388889,145.6756823,162.73428923,20.9025911222222,35.41734055,185.2389664,159,22.18723491,42,33.352215881,50,33.232722593,50,1.615287204,2
primary_25,5,A,FIXED_C2,0,6,phase_remainder,1,15,2520,920,36.5079365079365,32.5184860928571,69.2183858999999,118.98640286,10.9229622488095,44.6192232999999,91.62977684,8.67635335238095,10.2880647,12.11659313,0.549681811904762,1.82444445,3.31811911,12.3694886797619,15.779439,18.62158139,181.357142857143,2.04188538228571,22,5.94389566271429,27,5.915233765,27,1.57655959192857,2
primary_25,5,A,FIXED_C2,1,7,transition,15,16,210,95,45.2380952380952,32.4375421714286,46.30916725,50.13416598,9.79389700952381,22.16704965,24.28439196,8.67313488095238,11.3145109,13.30105968,0.62424259047619,1.9879896,2.88523127,13.3462676904762,17.67704165,19.70901495,209,2.053398852,6,6.807608337,11,6.773434858,11,1.820402326,2
primary_25,5,A,FIXED_C2,1,7,phase_remainder,16,30,2940,1285,43.7074829931973,32.1175742027211,45.4987942,49.19673876,9.68315555918367,22.1027349,24.11964367,8.55775241428571,10.67039805,12.37138674,0.708235941496599,2.6180766,4.55161662,13.1684302877551,16.86959935,18.94132165,210,2.03335165057143,7,6.74412840485714,12,6.70614637042857,12,1.79667684614286,2
primary_25,5,A,FIXED_C2,2,6,transition,30,31,180,60,33.3333333333333,28.5981956444444,38.3690157,39.4931649,7.28418040555556,15.54616045,16.60041998,8.595277,9.76836855,10.30995372,0.528800505555556,1.77643145,3.23127291,12.1899377333333,15.00267395,17.12685396,181,1.316026229,4,5.162519853,9,5.135185189,9,1.557120741,2
primary_25,5,A,FIXED_C2,2,6,phase_remainder,31,45,2520,811,32.1825396825397,28.555646172619,38.39731215,39.99813174,7.21500873968254,15.6764414,16.72782009,8.63877144444444,10.0723079,11.33861364,0.596366032142857,1.89018695,3.36641851999999,12.1054999563492,14.74397305,16.56249354,180.071428571429,1.29870157314286,5,5.14037907728571,12,5.10923724735714,10,1.55534162621429,2
primary_25,5,A,FIXED_C2,3,7,transition,45,46,210,90,42.8571428571429,31.8135188666667,44.11214365,47.97562783,9.51070928095238,22.2204,23.92243012,8.41462800952381,10.06838965,11.40020505,0.7580761,2.62120935,5.16880713,13.1301054761905,16.95907695,18.10857381,208,1.993436109,6,6.667835365,10,6.630624968,10,1.757881125,2
primary_25,5,A,FIXED_C2,3,7,phase_remainder,46,60,2940,1345,45.7482993197279,33.0025465863946,47.6059835,52.11711996,10.0001176704082,22.4664232,25.9511004800001,8.66298016768708,11.31030695,13.296979,0.74536098877551,2.7277557,5.32921011,13.5940877595238,17.9253026,20.03831775,209.857142857143,2.0994156715,8,6.92893013757143,12,6.89344099542857,12,1.81823022892857,2
primary_26,5,A,K_LOOKUP_C2_C4,0,6,startup,0,1,180,180,100,191.674859688889,280.17514235,304.46280664,127.153965516667,186.1888905,194.66312383,9.92193241666667,14.5276606,32.7419049000001,34.04525445,157.74985355,190.28550661,20.5537073055556,23.02325645,223.06747653,160,22.049765555,43,33.480782428,50,33.410670407,49,1.603203757,2
primary_26,5,A,K_LOOKUP_C2_C4,0,6,phase_remainder,1,15,2520,872,34.6031746031746,30.5894408380952,39.4483056,98.50439493,9.26401609007937,16.7935421,75.1997245,8.6657889702381,10.0495149,11.43801628,0.592048513095238,1.9689053,3.50132973,12.0675872646825,15.0091803,17.36071743,181.285714285714,1.72737634178571,20,5.57810633514286,26,5.54606410842857,26,1.57199555335714,2
primary_26,5,A,K_LOOKUP_C2_C4,1,7,transition,15,16,210,93,44.2857142857143,34.5270825047619,45.81639925,47.74449742,5.31707342380952,14.67109465,16.96415588,15.0094473095238,18.90528965,21.63207965,0.963796380952381,3.14354479999999,6.46114281999999,13.2367653904762,16.74157745,18.86343265,209,1.116585419,4,7.246061335,12,7.200728558,12,3.147357944,4
primary_26,5,A,K_LOOKUP_C2_C4,1,7,phase_remainder,16,30,2940,1339,45.5442176870748,34.6610400272109,45.44944165,48.28771255,5.50859437993197,15.4833208,17.16479669,15.0291880248299,19.1371239,21.36383544,0.978249736054422,3.25340405,5.09384873,13.1450078863946,16.93244825,18.91786584,210,1.15680481978571,5,7.27889575214286,14,7.22772567692857,14,3.15620683164286,4
primary_26,5,A,K_LOOKUP_C2_C4,2,6,transition,30,31,180,60,33.3333333333333,28.6726448222222,38.46368925,39.3458549,7.28898911666667,15.69036725,16.92409777,8.66032851111111,10.07681795,10.96432212,0.553177561111111,1.71136605,3.85085341,12.1701496333333,15.6358531,16.90581834,181,1.312018041,4,5.169946019,9,5.142030739,9,1.567729083,3
primary_26,5,A,K_LOOKUP_C2_C4,2,6,phase_remainder,31,45,2520,816,32.3809523809524,28.7265760507937,38.74516385,40.67260966,7.42736276468254,16.0447149,17.08156773,8.69255500396825,10.0710125,11.34923875,0.59915145952381,1.88865395,3.8609082,12.007506822619,14.53091425,16.33254246,180,1.33692529764286,8,5.17071956142857,12,5.13909011321429,12,1.564595773,2
primary_26,5,A,K_LOOKUP_C2_C4,3,7,transition,45,46,210,93,44.2857142857143,33.2572960238095,43.208241,46.87195019,5.15936217619048,15.03982055,17.49235312,14.5441046380952,19.0416685,21.5377249,0.86090779047619,3.46257515,5.8486084,12.6929214190476,15.79644875,17.44379173,206,1.080253082,4,6.958333695,11,6.911281914,11,3.031776479,4
primary_26,5,A,K_LOOKUP_C2_C4,3,7,phase_remainder,46,60,2940,1327,45.1360544217687,34.8132993336735,45.533426,48.62357123,5.66651278231292,15.5587715,17.3062559,15.0996523462585,19.12711725,21.18395551,0.957789813945578,3.4482943,4.98679785000001,13.0893443911565,16.80974025,18.72981042,210.214285714286,1.1901971825,6,7.31245968214286,14,7.26947142385714,14,3.17236431657143,4
primary_27,5,B,FIXED_C2,0,7,startup,0,1,210,210,100,396.726109228571,430.3706555,447.35140125,284.259129180952,388.21066785,392.12557025,10.3397425,15.33766155,19.14557305,76.7067352,236.65916375,250.63899518,25.420502347619,26.7470428,283.48480478,129,44.84137814,84,67.727593121,89,67.554718602,89,1.439495096,2
primary_27,5,B,FIXED_C2,0,7,phase_remainder,1,15,2940,2940,100,325.86210087551,413.15239375,425.03316072,301.858877529252,385.97880255,400.4222129,9.22344815544218,12.4610124,15.67440309,0.786442473809524,2.8833225,5.75303600000001,13.9933327170068,18.85428455,21.96696636,214.357142857143,64.3989891861429,88,69.4799933544286,93,69.4437711347143,93,1.97725137821429,2
primary_27,5,B,FIXED_C2,1,6,transition,15,16,180,98,54.4444444444444,43.2921727611111,95.1217387,107.32061117,21.9491891333333,74.07939285,84.74595609,8.67569865,10.42684475,13.90123525,0.487682288888889,1.2761713,2.5085473,12.1796026888889,14.6090356,16.64440756,198,4.683144362,21,8.683894413,26,8.656083234,26,1.720638755,2
primary_27,5,B,FIXED_C2,1,6,phase_remainder,16,30,2520,801,31.7857142857143,28.5707076103175,38.68837385,40.10715515,7.37758934960317,15.99944375,16.97549779,8.63824647261905,10.0647083,11.19345745,0.561506846031746,1.8496496,3.46577507999999,11.9933649420635,14.7063549,16.55936411,180,1.32796608292857,4,5.14265205214286,9,5.1139541745,8,1.55480904735714,2
primary_27,5,B,FIXED_C2,2,7,transition,30,31,210,91,43.3333333333333,32.2057419571429,45.49714025,49.1796041,9.84268751904762,22.8782314,24.18987298,8.63843158095238,10.85813455,12.71136853,0.770030861904762,2.23442795,4.48565245,12.9545919952381,16.7121436,19.42258971,209,2.060141944,7,6.741902133,11,6.697485633,11,1.799589389,2
primary_27,5,B,FIXED_C2,2,7,phase_remainder,31,45,2940,1324,45.0340136054422,32.5662731731292,46.3790964,52.7701216600001,10.1727550578231,23.0928488,26.89890253,8.56768838095238,10.62780495,12.54708782,0.698120469387755,2.44873219999999,4.04861555000001,13.127709264966,16.93189545,18.96894461,210,2.13643401114286,9,6.83976588014286,14,6.80263059635714,14,1.79990762478571,2
primary_27,5,B,FIXED_C2,3,6,transition,45,46,180,58,32.2222222222222,28.4577567666667,39.15830355,40.92692465,7.33280933888889,16.0936822,16.66676276,8.42059032222222,9.8507894,10.58203038,0.5275975,1.5987191,2.71372653,12.1767596055556,15.4437975,17.27498173,181,1.32455183,4,5.135255977,9,5.106820739,9,1.523919868,2
primary_27,5,B,FIXED_C2,3,6,phase_remainder,46,60,2520,816,32.3809523809524,28.598075893254,38.4546612,39.87700851,7.40422666825397,15.96884235,16.9323095,8.65636179007936,9.94549,10.89362522,0.557581434126984,1.8857425,3.23116865,11.9799060007937,14.49062045,16.29201241,180,1.33276080028571,4,5.14716445742857,8,5.11864561692857,8,1.55765591885714,2
primary_28,5,B,K_LOOKUP_C2_C4,0,7,startup,0,1,210,210,100,219.802687171429,277.6484772,292.95872237,135.434448,185.85794925,190.63750948,18.1244191952381,22.2860501,60.16383363,42.8885685714286,158.4759455,184.07382202,23.3552514047619,41.02135205,189.66780635,174,26.215284634,45,43.358421244,58,43.2118634,58,3.231934415,4
primary_28,5,B,K_LOOKUP_C2_C4,0,7,phase_remainder,1,15,2940,1523,51.8027210884354,41.3440030513605,99.64602085,156.05819832,11.5885547071429,67.9920584999999,123.87496719,15.1225939231292,19.23063445,22.13987298,0.935209063945578,3.31690305,5.29666424,13.6976453571429,17.98586175,20.94097092,212.357142857143,2.5925928775,35,8.88018200392857,43,8.83500100128571,43,3.214689698,4
primary_28,5,B,K_LOOKUP_C2_C4,1,6,transition,15,16,180,60,33.3333333333333,28.89614555,38.5144139,40.42451035,7.47516582222222,15.5884153,16.37863746,8.59176926111111,10.2933746,10.95145085,0.530382427777778,1.61554805,2.87723237,12.2988280388889,14.7219903,16.61696487,181,1.345529848,4,5.222733561,9,5.195021566,9,1.567945829,3
primary_28,5,B,K_LOOKUP_C2_C4,1,6,phase_remainder,16,30,2520,815,32.3412698412698,28.7610445579365,38.7429791,39.97862598,7.33713894404762,15.92717745,16.79766183,8.64888053611111,10.08620125,11.26488174,0.574286130555556,1.97801705,3.21822868,12.2007389472222,14.77470995,16.85260952,180,1.32068500992857,4,5.17670761878571,9,5.14747708014286,9,1.55651809485714,2
primary_28,5,B,K_LOOKUP_C2_C4,2,7,transition,30,31,210,97,46.1904761904762,35.3881676904762,46.56924075,48.28845337,5.52889445714286,15.5307652,16.48889874,15.2458949809524,19.1552773,23.94014119,1.03075552857143,3.47615739999999,6.23608715,13.5826227238095,17.5967306,18.78198458,209,1.161067836,4,7.423192701,12,7.371888678,12,3.193315432,4
primary_28,5,B,K_LOOKUP_C2_C4,2,7,phase_remainder,31,45,2940,1360,46.2585034013605,34.9727476578231,45.7526935,48.38012618,5.51137009557823,15.3442635,16.67837058,15.0064630472789,19.05077505,21.37058685,0.959144943877551,3.3608596,5.2287865,13.4957695710884,17.28379025,19.27326397,209.928571428571,1.15709151528571,6,7.34399104828571,14,7.300470365,14,3.15136748485714,4
primary_28,5,B,K_LOOKUP_C2_C4,3,6,transition,45,46,180,60,33.3333333333333,28.5679918611111,38.24435965,39.4085508,7.33591033333333,15.8249542,16.82928735,8.62177485,9.86669495,10.38776677,0.625177111111111,2.77109015,4.15569456,11.9851295666667,14.29722125,17.43053259,182,1.324610727,4,5.157087651,10,5.126526319,9,1.562621722,3
primary_28,5,B,K_LOOKUP_C2_C4,3,6,phase_remainder,46,60,2520,822,32.6190476190476,28.6343380964286,38.48977465,39.82417735,7.34242126825397,15.7721923,16.75369017,8.64329116746032,9.96156925,11.09872091,0.561220154365079,1.8783876,3.23717134,12.0874055063492,14.5632112,16.22058902,179.857142857143,1.32078201735714,4,5.15202951457143,8,5.12326251371429,8,1.55449487828571,2
primary_29,5,A,FIXED_C4,0,6,startup,0,1,180,164,91.1111111111111,117.449663788889,214.77231785,233.16340511,58.1759174944444,118.7788823,124.72781139,17.8070525111111,26.1426177,46.6434813,21.5336308444444,118.761355,132.60704243,19.9330629388889,27.68023285,161.52314398,178,10.471665149,30,21.13457707,42,21.074339074,42,3.19890704,4
primary_29,5,A,FIXED_C4,0,6,phase_remainder,1,15,2520,813,32.2619047619048,31.1310356003968,38.97165885,40.65718103,4.25066969960317,14.83950025,16.33194818,14.1601754269841,18.4985289,19.81920583,0.586089067857143,1.9632098,3.46602591,12.1341014059524,14.7740449,16.70749281,180.071428571429,0.765120545928571,4,5.60357327435714,11,5.57387839064286,10,2.54881844314286,4
primary_29,5,A,FIXED_C4,1,7,transition,15,16,210,91,43.3333333333333,34.4108076333333,44.3986612,46.90587537,5.31407863333333,14.27168585,15.4653675,14.6437469714286,18.09714885,21.25312273,0.832265047619048,3.00706634999999,5.13622449,13.6207169809524,17.0477597,19.32672005,208,1.115956513,4,7.211310359,11,7.166876458,11,3.06022762,4
primary_29,5,A,FIXED_C4,1,7,phase_remainder,16,30,2940,1351,45.9523809523809,34.8788697704082,45.33952625,47.52130112,5.51045990306123,15.1637435,16.64421443,15.0679226547619,19.09341245,21.48765351,0.950030985034014,3.2134002,4.90644003,13.350456227551,17.09177555,19.13413676,210,1.15719657964286,5,7.32450179564286,14,7.27609307164286,14,3.16420290135714,4
primary_29,5,A,FIXED_C4,2,6,transition,30,31,180,58,32.2222222222222,31.35122165,39.0648598,39.71623248,4.22909027777778,14.78419805,16.00968889,14.2067296722222,18.44877505,19.30097248,0.600293144444444,1.83069735,2.74002726,12.3151085555556,15.2468278,17.59499005,181,0.76123625,3,5.660003838,9,5.630314511,9,2.573995282,4
primary_29,5,A,FIXED_C4,2,6,phase_remainder,31,45,2520,812,32.2222222222222,31.2834639063492,38.93695345,41.01276722,4.37599823373016,15.03881755,16.59314109,14.1879229444444,18.4181261,19.58562649,0.646815953968254,2.0838781,3.57143256,12.0727267742063,14.53070245,16.09474305,180,0.787679682071429,4,5.63074206685714,12,5.59728093092857,12,2.55354469371429,4
primary_29,5,A,FIXED_C4,3,7,transition,45,46,210,99,47.1428571428571,34.6323979523809,45.7141724,49.30462243,5.2526320952381,14.9747855,16.83826483,14.8196671761905,19.23984405,21.97292971,0.96163330952381,3.08249585,4.06305023,13.5984653714286,18.5706161,19.50962502,209,1.10305274,4,7.261120504,13,7.203687235,13,3.100447041,4
primary_29,5,A,FIXED_C4,3,7,phase_remainder,46,60,2940,1342,45.6462585034014,34.7330512744898,45.27476375,47.77903615,5.57459633945578,15.40288475,17.23601369,15.0221089605442,18.96763935,21.84241347,0.950911178231293,3.4190067,5.02100979,13.1854347962585,16.863969,18.97778559,209.928571428571,1.17061722514286,5,7.29422430407143,14,7.25053506014286,14,3.15497442428571,4
primary_30,5,B,FIXED_C4,0,7,startup,0,1,210,210,100,318.686514152381,366.9981826,379.35285212,184.232362971429,245.75957385,248.97657588,18.2649729809524,24.7817694,56.9067545299999,86.2628724952381,246.6078655,256.76826371,29.9263057047619,35.66322605,289.37221909,151,32.110039131,59,59.364249793,78,59.101597119,78,2.85448324,4
primary_30,5,B,FIXED_C4,0,7,phase_remainder,1,15,2940,1605,54.5918367346939,53.9459940367347,196.473554,256.52407422,24.0433570272109,164.15137055,223.97574733,15.203658937415,19.256027,21.76179265,0.980936979931973,3.4894459,5.59650348000001,13.7180410921769,18.08767195,20.22396521,213.928571428571,5.51901619664286,58,11.8667059289286,66,11.819458341,66,3.26090433714286,4
primary_30,5,B,FIXED_C4,1,6,transition,15,16,180,56,31.1111111111111,31.1640540666667,39.5535084,41.07964411,4.18460938888889,15.1253016,17.03235884,14.1073383611111,19.09996535,20.35386095,0.583963705555556,2.01773915,3.13626964,12.2881426111111,14.9477271,16.54188375,182,0.75322969,3,5.62570337,10,5.598211437,10,2.555494543,4
primary_30,5,B,FIXED_C4,1,6,phase_remainder,16,30,2520,812,32.2222222222222,31.1579460055556,38.75452235,40.12381517,4.23489056746032,14.64743975,16.23069621,14.1515986309524,18.3672138,19.55083334,0.584089083333333,2.10000545,3.6530679,12.1873677238095,14.80989635,16.87222858,180,0.762280302142857,4,5.60864813407143,9,5.58007110742857,9,2.54750560664286,4
primary_30,5,B,FIXED_C4,2,7,transition,30,31,210,102,48.5714285714286,35.4448432285714,45.3119535,52.42840712,5.83733264285714,15.3275695,18.51540737,15.2196539857143,19.12771465,21.44903753,1.14465078095238,3.68828315,5.03824209,13.2432058190476,16.9921413,19.08210254,209,1.225839855,6,7.428922635,14,7.357821643,14,3.181632894,4
primary_30,5,B,FIXED_C4,2,7,phase_remainder,31,45,2940,1348,45.8503401360544,34.853757029932,45.4612056,48.40917996,5.48887595,15.1589411,17.08394213,14.9911808,18.9194431,21.15508912,0.994042663265306,3.5243496,5.37714112000002,13.3796576166667,17.1216073,19.02588721,210,1.1526639495,6,7.319366917,14,7.26980378878571,14,3.14822590871429,4
primary_30,5,B,FIXED_C4,3,6,transition,45,46,180,58,32.2222222222222,30.9589701611111,38.47529935,39.32940005,4.38515205555556,15.786913,16.93260603,14.1241447277778,18.7016098,19.41213616,0.594195838888889,1.87532045,2.64836845,11.8554775388889,14.31088725,15.44901575,181,0.78932737,4,5.587357592,9,5.556408019,9,2.557089014,4
primary_30,5,B,FIXED_C4,3,6,phase_remainder,46,60,2520,828,32.8571428571429,31.2304337742064,38.96578315,40.56626548,4.31259294603175,14.9843138,16.35320861,14.1432444063492,18.39371605,19.83980056,0.593756799603175,2.0477586,3.53779545,12.1808396222222,14.68509705,16.38408738,179.928571428571,0.776266730285714,4,5.62097767064286,10,5.592103956,10,2.54528358442857,4
