trace,policy,round,K,earlier_phase,later_phase,DMR_percent_earlier,DMR_percent_later,delta_DMR_percent,queue_mean_ms_earlier,queue_mean_ms_later,delta_queue_mean_ms,local_p95_ms_earlier,local_p95_ms_later,delta_local_p95_ms,time_mean_unfinished_backlog_earlier,time_mean_unfinished_backlog_later,delta_time_mean_unfinished_backlog
A,FIXED_C2,1,6,0,2,38.6666666666667,31.5555555555556,-7.1111111111111,15.4791112262963,7.30927877148148,-8.16983245481482,142.27380995,38.5673118,-103.70649815,7.03072180666667,5.13078290106667,-1.8999389056
A,FIXED_C2,1,7,1,3,45.015873015873,42.7936507936508,-2.2222222222222,10.2391636869841,9.72825949936508,-0.510904187619019,46.60471805,44.73325875,-1.87145930000001,6.83065829893333,6.6533749268,-0.17728337213333
A,FIXED_C2,2,6,0,2,39.1111111111111,32.5185185185185,-6.5925925925926,17.1875856688889,7.3546484237037,-9.8329372451852,150.59203985,38.4512287,-112.14081115,7.41193000593333,5.1428483844,-2.26908162153333
A,FIXED_C2,2,7,1,3,43.3333333333333,43.4920634920635,0.158730158730201,9.73927187015873,9.61443118888889,-0.124840681269839,44.8808081,44.86058675,-0.0202213499999999,6.6808852592,6.68126160866667,0.000376349466669978
A,FIXED_C2,3,6,0,2,40.4074074074074,32.8888888888889,-7.5185185185185,21.4531517888889,7.42880446333333,-14.0243473255556,203.5052374,38.5699901,-164.9352473,8.4858565574,5.17570305086667,-3.31015350653333
A,FIXED_C2,3,7,1,3,43.1428571428571,43.5555555555556,0.412698412698496,9.60310567206349,9.77191179809524,0.16880612603175,44.8656705,44.9945194,0.128848900000001,6.69405629486667,6.706306862,0.0122505671333295
A,FIXED_C2,4,6,0,2,39.5185185185185,32.7777777777778,-6.7407407407407,17.0672285792593,7.40226483333333,-9.66496374592597,149.7503257,38.59079275,-111.15953295,7.4535270996,5.18727990006667,-2.26624719953333
A,FIXED_C2,4,7,1,3,44.2539682539683,42.8888888888889,-1.3650793650794,9.92726119174603,9.57383543904762,-0.35342575269841,45.48161775,44.77244145,-0.709176299999996,6.7670765286,6.65249043226667,-0.11458609633333
A,FIXED_C2,5,6,0,2,40.7407407407407,32.2592592592593,-8.4814814814814,18.8050482451852,7.21962018407407,-11.5854280611111,154.7268975,38.39377245,-116.33312505,7.7711170106,5.141855129,-2.6292618816
A,FIXED_C2,5,7,1,3,43.8095238095238,45.5555555555556,1.7460317460318,9.69053832253968,9.96749044444445,0.27695212190477,45.60670625,47.5440968,1.93739055,6.74836040033333,6.9115238194,0.16316341906667
A,FIXED_C4,1,6,0,2,37.1481481481481,32.2962962962963,-4.85185185185181,10.032679227037,4.1664339662963,-5.8662452607407,117.544171049999,38.7285186,-78.815652449999,7.27778322366667,5.57945490746667,-1.6983283162
A,FIXED_C4,1,7,1,3,45.6825396825397,45.2063492063492,-0.476190476190496,5.45892434603175,5.41423928952381,-0.04468505650794,45.4415193,45.1038616,-0.337657700000001,7.2784080168,7.2405630166,-0.0378450001999999
A,FIXED_C4,2,6,0,2,37.0740740740741,32.8518518518519,-4.2222222222222,8.24194384407407,4.2994390162963,-3.94250482777777,94.72051375,38.88660205,-55.8339117,7.0558798822,5.63131669826667,-1.42456318393333
A,FIXED_C4,2,7,1,3,45.2698412698413,44.9206349206349,-0.349206349206398,5.42100346634921,5.45074563047619,0.0297421641269802,45.27323105,44.7746437,-0.498587350000001,7.27888811066667,7.23592007753333,-0.0429680331333397
A,FIXED_C4,3,6,0,2,39.8148148148148,33,-6.8148148148148,13.7702120785185,4.41472431111111,-9.35548776740739,248.04847445,38.9635888,-209.08488565,9.547259077,5.6169045474,-3.9303545296
A,FIXED_C4,3,7,1,3,44.5079365079365,45.3333333333333,0.825396825396801,5.57844300253968,5.66898935301587,0.0905463504761901,45.13888715,45.46555755,0.326670399999998,7.26352859133333,7.29516863286667,0.0316400415333398
A,FIXED_C4,4,6,0,2,38.4074074074074,33.3333333333333,-5.0740740740741,11.5155835488889,4.39155413518518,-7.12402941370372,137.94851185,39.0187768,-98.92973505,7.6960739434,5.6400262518,-2.0560476916
A,FIXED_C4,4,7,1,3,45.4920634920635,45.1428571428571,-0.349206349206398,5.59842051365079,5.66250024031746,0.0640797266666695,45.68604305,45.6519771,-0.0340659499999987,7.31413991193333,7.289165978,-0.0249739339333299
A,FIXED_C4,5,6,0,2,36.1851851851852,32.2222222222222,-3.962962962963,7.84568621925926,4.36620437,-3.47948184925926,65.0224134999997,38.9497643,-26.0726491999997,6.6389735274,5.6326928516,-1.0062806758
A,FIXED_C4,5,7,1,3,45.7777777777778,45.7460317460317,-0.0317460317461027,5.4973678184127,5.55313205650794,0.0557642380952403,45.3042718,45.36874645,0.0644746500000011,7.31695569986667,7.29201738406667,-0.0249383157999992
A,K_LOOKUP_C2_C4,1,6,0,2,41.6666666666667,32.7407407407407,-8.925925925926,23.5803482785185,7.49582593037037,-16.0845223481481,218.8436707,38.74671185,-180.09695885,8.95710405306667,5.1815980922,-3.77550596086667
A,K_LOOKUP_C2_C4,1,7,1,3,45.2698412698413,45.3650793650794,0.095238095238102,5.49974649396825,5.66326033142857,0.16351383746032,45.3225286,45.4530613,0.130532700000003,7.29445558906667,7.3185767854,0.0241211963333301
A,K_LOOKUP_C2_C4,2,6,0,2,41.8888888888889,32.5185185185185,-9.3703703703704,23.3858655081482,7.4706483337037,-15.9152171744445,215.5402382,38.4360139,-177.1042243,8.86641425673333,5.14899669346667,-3.71741756326666
A,K_LOOKUP_C2_C4,2,7,1,3,44.984126984127,44.952380952381,-0.0317460317460032,5.5764074215873,5.65848348857143,0.0820760669841301,45.21065135,45.3138771,0.10322575,7.2716613988,7.26917811933333,-0.00248327946667004
A,K_LOOKUP_C2_C4,3,6,0,2,38.962962962963,32.3333333333333,-6.6296296296297,17.0930361459259,7.34446907148148,-9.74856707444442,156.1111984,38.53121905,-117.57997935,7.4013620422,5.16085253293333,-2.24050950926667
A,K_LOOKUP_C2_C4,3,7,1,3,45.5555555555556,45.3333333333333,-0.2222222222223,5.42654184285714,5.50671853460317,0.08017669174603,45.1937365,45.2588777,0.0651411999999993,7.25594717073333,7.28028433473333,0.0243371640000003
A,K_LOOKUP_C2_C4,4,6,0,2,41.0740740740741,32.6666666666667,-8.4074074074074,22.6159733725926,7.34291075592593,-15.2730626166667,208.82613685,38.8323427,-169.99379415,8.6270917474,5.18930699813333,-3.43778474926667
A,K_LOOKUP_C2_C4,4,7,1,3,46,45.2698412698413,-0.730158730158699,5.51672084476191,5.52973721523809,0.0130163704761808,45.5024335,45.5307268,0.0282932999999943,7.3151163912,7.30031536286667,-0.0148010283333297
A,K_LOOKUP_C2_C4,5,6,0,2,38.962962962963,32.4444444444444,-6.5185185185186,17.1233460518519,7.41813785481482,-9.70520819703708,151.17276955,38.72335895,-112.4494106,7.43828474133333,5.17066799193333,-2.2676167494
A,K_LOOKUP_C2_C4,5,7,1,3,45.4603174603175,45.0793650793651,-0.380952380952401,5.49582631619048,5.63270274190476,0.13687642571428,45.59912885,45.51275925,-0.0863695999999976,7.276706791,7.288851283,0.012144492
B,FIXED_C2,1,7,0,2,81.4603174603175,44.031746031746,-37.4285714285715,103.266445771429,9.90726041555556,-93.3591853558734,285.48286555,45.4104703,-240.07239525,27.189972948,6.7538061886,-20.4361667594
B,FIXED_C2,1,6,1,3,32.4444444444444,32.4444444444444,0,7.39514917740741,7.4069594362963,0.0118102588888904,38.5296828,38.259552,-0.270130800000004,5.157472821,5.13211466326667,-0.0253581577333302
B,FIXED_C2,2,7,0,2,100,44.5714285714286,-55.4285714285714,316.203839914921,10.1436004463492,-306.060239468572,373.2721638,46.21403255,-327.05813125,72.0288102857333,6.8013676912,-65.2274425945333
B,FIXED_C2,2,6,1,3,37.1111111111111,32.4444444444444,-4.6666666666667,16.0427892640741,7.36909636777778,-8.67369289629632,98.8704929499999,38.36914845,-60.5013444999999,7.19913037686667,5.1365275394,-2.06260283746667
B,FIXED_C2,3,7,0,2,100,43.4920634920635,-56.5079365079365,243.744785334603,9.82899879936508,-233.915786535238,317.9697962,44.7742427,-273.1955535,56.5797168135333,6.7001075626,-49.8796092509333
B,FIXED_C2,3,6,1,3,38.3703703703704,32.4814814814815,-5.8888888888889,16.5951025137037,7.35225724481481,-9.24284526888889,120.9813039,38.6165149,-82.364789,7.21357718113333,5.15838635906667,-2.05519082206666
B,FIXED_C2,4,7,0,2,100,47.7460317460317,-52.2539682539683,230.912915653968,11.008580168254,-219.904335485714,284.8535408,50.5827938999999,-234.2707469,53.7331620056,7.10083738793333,-46.6323246176667
B,FIXED_C2,4,6,1,3,39.6666666666667,32.037037037037,-7.6296296296297,17.7205881381481,7.22595501555555,-10.4946331225925,140.949282,38.2636933,-102.6855887,7.79098740386667,5.10056441473333,-2.69042298913334
B,FIXED_C2,5,7,0,2,100,44.9206349206349,-55.0793650793651,300.685560972698,10.1507505552381,-290.53481041746,414.9090985,46.29794265,-368.61115585,69.3631666722,6.83324163033333,-62.5299250418667
B,FIXED_C2,5,6,1,3,33.2962962962963,32.3703703703704,-0.925925925925895,8.34902933518518,7.39946551296296,-0.94956382222222,39.157122,38.4830126,-0.674109399999999,5.3787348762,5.14637055873333,-0.23236431746667
B,FIXED_C4,1,7,0,2,53.5555555555556,45.4920634920635,-8.0634920634921,23.6577848949206,5.42365650380952,-18.2341283911111,222.16033755,45.52850465,-176.6318329,12.0504403026,7.25411329433333,-4.79632700826667
B,FIXED_C4,1,6,1,3,32.7777777777778,31.5925925925926,-1.1851851851852,4.23953466296296,4.17403369814815,-0.0655009648148104,38.8026667,38.7384522,-0.0642145000000056,5.60253358846667,5.5619483978,-0.0405851906666701
B,FIXED_C4,2,7,0,2,52.5714285714286,45.3015873015873,-7.2698412698413,16.3281676580952,5.36032782984127,-10.9678398282539,163.6730488,45.38218085,-118.29086795,10.2518978146667,7.23113152653333,-3.02076628813337
B,FIXED_C4,2,6,1,3,32.962962962963,32.2592592592593,-0.703703703703695,4.26282228222222,4.20589178185185,-0.0569305003703695,38.8493151,38.7414953,-0.107819800000001,5.6091811854,5.57597946746667,-0.0332017179333297
B,FIXED_C4,3,7,0,2,56.6666666666667,46.2222222222222,-10.4444444444445,26.7035685730159,5.52779212920635,-21.1757764438095,241.19254645,45.6958809,-195.49666555,13.0525530070667,7.32044098093333,-5.73211202613337
B,FIXED_C4,3,6,1,3,32.8518518518519,32.962962962963,0.1111111111111,4.38053862444444,4.38207419111111,0.00153556666667054,38.9553571,38.99295565,0.0375985499999985,5.62822225633333,5.63187188673333,0.00364963039999999
B,FIXED_C4,4,7,0,2,52.6666666666667,46.2539682539683,-6.4126984126984,14.7286767869841,5.71809662920635,-9.01058015777775,146.1325923,45.77373705,-100.35885525,9.79258342126667,7.3449802534,-2.44760316786667
B,FIXED_C4,4,6,1,3,32.7407407407407,33.1481481481482,0.407407407407504,4.37134963037037,4.49469078148148,0.12334115111111,39.01153615,38.9294045,-0.0821316500000009,5.63293481053333,5.645604883,0.01267007246667
B,FIXED_C4,5,7,0,2,57.6190476190476,46.031746031746,-11.5873015873016,34.7226240901587,5.51210639619048,-29.2105176939682,289.3792044,45.44653345,-243.93267095,15.0332088532,7.32667063153333,-7.70653822166667
B,FIXED_C4,5,6,1,3,32.1481481481481,32.8148148148148,0.6666666666667,4.23153848888889,4.31743022,0.0858917311111105,38.8112367,38.9449237,0.133686999999995,5.6097851498,5.61873633206667,0.00895118226666991
B,K_LOOKUP_C2_C4,1,7,0,2,54.4126984126984,45.5238095238095,-8.8888888888889,20.5520358431746,5.45641310190476,-15.0956227412698,192.65700945,45.33403725,-147.3229722,11.1771731434,7.28568587033333,-3.89148727306667
B,K_LOOKUP_C2_C4,1,6,1,3,32.2592592592593,32.2962962962963,0.0370370370369955,7.31586856703704,7.34803904666667,0.03217047962963,38.5482262,38.44703225,-0.101193950000003,5.15768311273333,5.147110211,-0.0105729017333296
B,K_LOOKUP_C2_C4,2,7,0,2,56.984126984127,46.9206349206349,-10.0634920634921,29.4898719346032,5.65179471587302,-23.8380772187302,257.939157549999,45.98011745,-211.959040099999,13.8518182200667,7.36444875413333,-6.48736946593337
B,K_LOOKUP_C2_C4,2,6,1,3,32.7037037037037,32.037037037037,-0.6666666666667,7.34068707962963,7.31117397296296,-0.0295131066666698,38.53841745,38.44907845,-0.0893389999999954,5.16816594846667,5.13902288653333,-0.0291430619333397
B,K_LOOKUP_C2_C4,3,7,0,2,55.0793650793651,45.8095238095238,-9.26984126984129,19.7513968784127,5.55208861269841,-14.1993082657143,179.29404085,45.6330749,-133.66096595,11.1446368123333,7.31174989913333,-3.83288691319997
B,K_LOOKUP_C2_C4,3,6,1,3,32.5925925925926,32.3703703703704,-0.2222222222222,7.39458287592592,7.39655754037037,0.00197466444445027,38.6693924,38.5901727,-0.079219700000003,5.17486782786667,5.16309282833333,-0.0117749995333405
B,K_LOOKUP_C2_C4,4,7,0,2,62.4126984126984,57.7142857142857,-4.6984126984127,18.1540766273016,5.69664597714286,-12.4574306501587,172.7653995,48.55539095,-124.21000855,11.1126623828,7.87232727866667,-3.24033510413333
B,K_LOOKUP_C2_C4,4,6,1,3,33.6666666666667,33.5555555555556,-0.1111111111111,6.90216736518519,6.69570746296296,-0.20645990222223,40.82988705,40.68812575,-0.141761300000006,5.4540606642,5.40574636393333,-0.0483143002666697
B,K_LOOKUP_C2_C4,5,7,0,2,55.015873015873,46.2539682539683,-8.7619047619047,19.8449475933333,5.51253838634921,-14.3324092069841,193.6381074,45.8193087,-147.8187987,11.1787312866,7.34927115846667,-3.82946012813333
B,K_LOOKUP_C2_C4,5,6,1,3,32.4074074074074,32.6666666666667,0.259259259259302,7.34634073592593,7.34198720592593,-0.00435352999999949,38.72759285,38.4840694,-0.243523449999998,5.17977601493333,5.15236672366667,-0.0274092912666593
