C,K,run_id,local_latency_mean_ms,start_lag_mean_ms,front_end_mean_ms,queue_wait_mean_ms,inference_mean_ms,start_lag_share_pct,front_end_share_pct,queue_wait_share_pct,inference_share_pct
2,1,run01,21.565291764444446,0.3696885138888889,9.662438538888889,0.1580828088888889,11.375081902777778,1.714275503095252,44.805508056328435,0.733042755069636,52.74717368550667
2,1,run02,21.976149075555554,0.304813315,9.647706147222221,0.22926904388888888,11.794360569444445,1.3870187809157566,43.90080406741293,1.0432630535069893,53.66891409816433
2,1,run03,21.447596228888887,0.33036749388888886,9.671172212222222,0.1913503738888889,11.25470614888889,1.5403474140561246,45.09210313832566,0.8921763159227564,52.47537313169547
2,1,run04,21.784581162777776,0.3024440394444444,9.663342098888888,0.13206024333333333,11.686734781111111,1.3883399326548238,44.358631578375984,0.6062096964204116,53.646818792548785
2,1,run05,21.264189339444446,0.26152971444444445,9.616032281666667,0.1279584338888889,11.258668909444445,1.229906817840991,45.22172055639672,0.6017555235530646,52.94661710220923
2,2,run01,21.90135791861111,0.5000792344444445,10.1758962,0.1767430088888889,11.048639475277778,2.2833252454154556,46.462398531703975,0.8069956645870713,50.4472805582935
2,2,run02,21.723909103055554,0.4588762327777778,10.080170171944445,0.23762694,10.947235758333333,2.1123096704231514,46.401272092077704,1.09384981714261,50.39256842035655
2,2,run03,21.527278271944443,0.4967577136111111,9.965017029166667,0.19205895222222222,10.873444576944445,2.3075732442150554,46.29018542559389,0.892165511106549,50.51007581908452
2,2,run04,21.84242879416667,0.48815696861111113,10.066530089444445,0.14892087166666668,11.138820864444444,2.23490241497997,46.087045466907306,0.6817963014554412,50.99625581665728
2,2,run05,21.7952810975,0.5457200488888889,9.991276447777778,0.1791254511111111,11.079159149722223,2.5038449673928964,45.84146633889395,0.8218542826302776,50.832834411082885
2,3,run01,21.51144819074074,0.7317280912962963,10.352685856851853,2.7939834353703703,7.633050807222222,3.401575220822451,48.126401184407484,12.988355830794301,35.483667763975774
2,3,run02,21.563908325925926,0.8037653848148149,10.342770756666667,2.751143526296296,7.666228658148148,3.727364133933278,47.96334041279394,12.758093220924344,35.55120223234844
2,3,run03,21.420559691111112,0.8255209822222223,10.230513407037037,2.7793149455555555,7.5852103562962965,3.85387214025406,47.76025255438304,12.974987514956894,35.41088779040601
2,3,run04,20.623160094444444,0.7395482094444444,10.05053638574074,2.6735968585185184,7.1594786407407405,3.5860081871917737,48.73422084546682,12.964050350550998,34.7157206167904
2,3,run05,20.58939972851852,0.720012725,10.212107449814814,2.5360566379629628,7.1212229157407405,3.497006879723188,49.598859531926784,12.317292739963921,34.5868408483861
2,4,run01,23.61168832013889,1.0112423481944444,10.299526493333333,4.076948951666667,8.223970526944445,4.28280406925385,43.62045760424788,17.266655803640074,34.8300825228582
2,4,run02,23.712737576666665,0.9936946245833334,10.54730899013889,4.067804155416667,8.103929806527777,4.19055210884267,44.479507927070564,17.15451091323756,34.17542905084921
2,4,run03,23.20921158263889,0.6979431138888889,10.472247216388888,3.906044341111111,8.13297691125,3.007181486556695,45.1210812530246,16.829715766962703,35.042021493456
2,4,run04,22.080388096666667,0.6944363501388889,10.108524714722222,3.446615458888889,7.830811572916667,3.1450368856683433,45.78055725500695,15.6093970984559,35.46500876086881
2,4,run05,23.150539530694445,0.6581492141666667,10.47388934375,3.8421371283333334,8.176363844444445,2.842910910538612,45.242528062307386,16.596317866541234,35.31824316061277
2,5,run01,26.83242732277778,1.0333715672222221,12.276224619666667,5.759207082222222,7.763624053666667,3.8512041970388693,45.75145018373162,21.46360824141053,28.93373737781898
2,5,run02,25.726622038333332,0.8236600184444445,10.94796491,6.266705283888889,7.688291826,3.20158634591502,42.55500350449138,24.35883449662119,29.884575652972423
2,5,run03,26.13607671188889,0.8995069593333334,11.080891838333333,6.4407004472222225,7.714977467,3.441629626546672,42.39692116182383,24.642950501796047,29.518498709833437
2,5,run04,23.61101481111111,0.6954274467777778,10.521672788666667,4.7281079805555555,7.665806595111111,2.9453517874653845,44.56256062198255,20.02500959141559,32.46707799913648
2,5,run05,26.301229848444443,0.8419035776666667,10.984582714333333,6.7487448472222225,7.725998709222222,3.2010046013740308,41.76452119398897,25.6594269017476,29.375047302889403
2,6,run01,31.004247095833332,0.9360618086111111,11.887965767777779,9.70641459111111,8.473804928333333,3.019140589732007,38.34302355748998,31.30672569183452,27.331110160943496
2,6,run02,30.76408906546296,1.0517445030555554,12.21871008324074,8.877657854166667,8.615976625,3.4187409249061345,39.717444768933426,28.85721022090361,28.00660408525683
2,6,run03,31.890027147592594,1.329466233425926,11.883462794907407,10.210780111666667,8.466318007592593,4.168909067630846,37.26388422282827,32.018725052849284,26.548481656691603
2,6,run04,32.76632959203704,1.2207921298148148,12.288878085925926,10.680371948333333,8.576287427962964,3.7257518465281354,37.50459156985469,32.59557015177222,26.17408643184495
2,6,run05,30.26780146759259,0.8484131348148148,11.690912463981482,9.177526311944444,8.550949556851851,2.8030220025171024,38.62491458621074,30.321086656296202,28.250976754975948
2,7,run01,136.04992762992063,1.1148287483333332,13.605748591269842,112.28779307166667,9.041557218650794,0.8194261972456616,10.00055555213512,82.53425417256297,6.645764078056253
2,7,run02,122.61083114825396,1.3291230556349207,13.476155048015872,98.91037004896826,8.89518299563492,1.0840176542216093,10.990998855330556,80.67017336288302,7.254810127564813
2,7,run03,135.27748977738096,1.330111397142857,13.417604254523809,111.5422207663492,8.98755335936508,0.9832466579116388,9.918578676026922,82.45438391110625,6.643790754955184
2,7,run04,212.23708472928573,1.0530495319841269,14.339785063095238,187.40485430238095,9.439395831825397,0.49616660223509984,6.756493607790567,88.29976841296187,4.447571377012461
2,7,run05,88.06787538198412,1.1762983476984128,12.98297095436508,65.17272251992064,8.73588356,1.3356724487747162,14.742005411227375,74.00283274376902,9.919489396228903
