K,row_type,run_id,e2e_mean_ms,e2e_p95_ms,e2e_p99_ms,deadline_miss_pct,frame_start_lag_mean_ms,front_end_mean_ms,inference_queue_wait_mean_ms,inference_mean_ms,inference_queue_peak
1,run,run01,22.31035636888889,24.41852175,24.84586436,0.16666666666666666,0.39223432722222223,9.601230348333333,0.17569783277777778,12.141193860555555,2.0
1,run,run02,22.54407650388889,24.27790845,24.61184861,0.16666666666666666,0.33133811,9.672895504444444,0.212046745,12.327796144444445,2.0
1,run,run03,21.928746144444446,24.22124105,24.59126372,0.16666666666666666,0.3584286477777778,9.626563742222222,0.14297783555555554,11.800775918888888,2.0
1,run,run04,22.318541957222223,24.31483655,24.65898682,0.16666666666666666,0.27036142333333335,9.623671708888889,0.1721351227777778,12.252373702222222,2.0
1,run,run05,22.230825347777778,24.25081005,24.70213581,0.2222222222222222,0.44071667,9.639900758888889,0.19425983722222223,11.955948081666667,2.0
1,mean,,22.266509264444444,24.29666357,24.682019864,0.17777777777777776,0.3586158356666667,9.632852412555556,0.17942347466666667,12.095617541555557,2.0
1,sample_std,,0.22194076306499275,0.07635857774465829,0.10116925648456193,0.024845199749997663,0.06403846622510195,0.02634822590852862,0.025882815303206033,0.21621501964615414,0.0
1,min,,21.928746144444446,24.22124105,24.59126372,0.16666666666666666,0.27036142333333335,9.601230348333333,0.14297783555555554,11.800775918888888,2.0
1,max,,22.54407650388889,24.41852175,24.84586436,0.2222222222222222,0.44071667,9.672895504444444,0.212046745,12.327796144444445,2.0
2,run,run01,19.19849543861111,22.9584059,23.79224518,0.3333333333333333,0.5559356783333333,10.080956000277778,2.8836589591666666,5.677944800833333,5.0
2,run,run02,19.451681051666668,23.45971755,24.34309784,0.3333333333333333,0.5490857794444445,9.978888030277778,3.0687169680555555,5.854990273888889,5.0
2,run,run03,19.339473938055555,23.41751115,24.4696153,0.3888888888888889,0.6145099541666666,9.888485903333333,3.009306083333333,5.827171997222222,7.0
2,run,run04,19.47215739416667,23.5830886,24.3586124,0.2777777777777778,0.4761550175,9.965237901666667,3.1355672755555557,5.8951971994444445,6.0
2,run,run05,19.317832528055554,23.2443799,23.9173276,0.3611111111111111,0.5962763566666667,9.94433532,2.979744016388889,5.797476835,5.0
2,mean,,19.355928070111112,23.332620619999997,24.176179664,0.3388888888888889,0.5583925572222223,9.971580631111111,3.0153986605,5.8105562212777775,5.6
2,sample_std,,0.11088838024609893,0.24182499975973537,0.30069001154001784,0.04120110270608701,0.05347899074919728,0.0701848282069128,0.09479854958750264,0.08241878336336589,0.8944271909999159
2,min,,19.19849543861111,22.9584059,23.79224518,0.2777777777777778,0.4761550175,9.888485903333333,2.8836589591666666,5.677944800833333,5.0
2,max,,19.47215739416667,23.5830886,24.4696153,0.3888888888888889,0.6145099541666666,10.080956000277778,3.1355672755555557,5.8951971994444445,7.0
3,run,run01,20.080518037592594,24.51995835,25.34075456,0.6111111111111112,0.7204056451851852,10.334685963518519,4.360820687037037,4.664605741851852,14.0
3,run,run02,20.147765487962964,24.6770005,25.34024998,0.5740740740740741,0.7712541381481481,10.358720172037037,4.388346310185185,4.629444867592593,14.0
3,run,run03,19.770231445,24.5224895,25.38372714,0.5,0.6858683131481481,10.166389508518519,4.286632192777778,4.631341430555556,12.0
3,run,run04,20.035848873333332,24.4941309,25.40011549,0.5740740740740741,0.6592899212962963,10.263143725555556,4.458631969814815,4.654783256666667,15.0
3,run,run05,20.035678944814816,24.65476855,25.61374949,0.5555555555555556,0.7431650001851852,10.361500342777777,4.296579932592593,4.634433669259259,13.0
3,mean,,20.01400855774074,24.57366956,25.415719332000002,0.562962962962963,0.7159966035925927,10.296887942481481,4.358202218481481,4.642921793185185,13.6
3,sample_std,,0.14377787820973417,0.08527165472208084,0.1137961596934872,0.04057204129667898,0.0445373950980912,0.0830590011993066,0.07057129779962536,0.01580085848573604,1.140175425099138
3,min,,19.770231445,24.4941309,25.34024998,0.5,0.6592899212962963,10.166389508518519,4.286632192777778,4.629444867592593,12.0
3,max,,20.147765487962964,24.6770005,25.61374949,0.6111111111111112,0.7712541381481481,10.361500342777777,4.458631969814815,4.664605741851852,15.0
4,run,run01,22.496271774305555,29.0524599,30.06114048,0.8055555555555556,0.7721187701388889,10.56330647,6.529868333333333,4.630978200833333,22.0
4,run,run02,22.549520569027777,29.0988663,30.06661512,0.8333333333333334,0.81840727,10.572429544583333,6.55655781875,4.602125935694445,20.0
4,run,run03,22.644959812083332,29.3647505,30.25726732,0.7638888888888888,0.7231391311111112,10.583907874722222,6.699154135833333,4.638758670416666,21.0
4,run,run04,23.727158165,31.150409,32.253725,0.8472222222222222,0.9262326361111111,12.32659929763889,5.891190619444444,4.583135611805556,23.0
4,run,run05,23.238931586527777,29.5146011,32.6370551,1.0,0.9898875390277778,10.737228833055555,6.890161465,4.6216537494444445,24.0
4,mean,,22.931368381388886,29.63621736,31.055160604,0.85,0.8459570692777778,10.956694404,6.513386474472222,4.615330433638889,22.0
4,sample_std,,0.535028780236908,0.867579971416081,1.27875708026779,0.08968824606090522,0.11006302574928338,0.7691209104646712,0.3760758288386796,0.02260854118640119,1.5811388300841898
4,min,,22.496271774305555,29.0524599,30.06114048,0.7638888888888888,0.7231391311111112,10.56330647,5.891190619444444,4.583135611805556,20.0
4,max,,23.727158165,31.150409,32.6370551,1.0,0.9898875390277778,12.32659929763889,6.890161465,4.638758670416666,24.0
5,run,run01,25.817643000777778,33.29914395,112.13286628,4.811111111111111,0.9740434772222222,11.018160052777779,9.203976482,4.621462988777778,34.0
5,run,run02,26.232913596666666,36.22308575,110.14479438,7.166666666666667,1.1060782085555556,11.93154301188889,8.487047637555555,4.708244738666667,35.0
5,run,run03,25.40845436488889,33.2373351,90.48142369,4.288888888888889,0.9048834507777778,11.009116124333334,8.905207478333333,4.589247311444445,30.0
5,run,run04,25.676025267333333,33.16940275,111.59987299,4.088888888888889,0.9120258983333334,10.888720786444445,9.274723362,4.600555220555556,36.0
5,run,run05,25.515178580666667,33.18284205,96.06274654,4.177777777777778,0.9427924221111111,10.966152370777777,9.006256754777779,4.599977033,33.0
5,mean,,25.730042962066666,33.82236192,104.084340776,4.906666666666666,0.9679646914,11.162738469244445,8.975442342933334,4.623897458488889,33.6
5,sample_std,,0.3213473515911844,1.3430217490785485,10.091783941281959,1.2940652758928375,0.08193645386440762,0.4328091244278933,0.3107285123368431,0.048574864471427844,2.302172886644268
5,min,,25.40845436488889,33.16940275,90.48142369,4.088888888888889,0.9048834507777778,10.888720786444445,8.487047637555555,4.589247311444445,30.0
5,max,,26.232913596666666,36.22308575,112.13286628,7.166666666666667,1.1060782085555556,11.93154301188889,9.274723362,4.708244738666667,36.0
6,run,run01,34.073199762037035,43.1500006,251.52784037,26.64814814814815,1.2058633726851853,11.617031178148148,16.449789640092593,4.800515571111111,52.0
6,run,run02,74.36577836796296,165.46659685,193.02067422,56.388888888888886,0.9832308131481482,12.7249896275,55.60545011759259,5.052107809722222,40.0
6,run,run03,35.81621726398148,122.90566435,210.51896033,30.287037037037038,0.9103556589814815,11.729706773518519,18.282046859907407,4.8941079715740745,42.0
6,run,run04,38.37169124601852,139.90585175,213.85236464,32.166666666666664,0.9245558407407407,11.812791465555556,20.747580602407407,4.8867633373148145,42.0
6,run,run05,35.47716678092593,75.7384014,238.60420841,29.75,1.0881239982407407,11.702125894722222,17.804894697685185,4.882022190277778,47.0
6,mean,,43.62081068418518,109.43330299000002,221.50480959400002,35.048148148148144,1.0224259367592592,11.917328987888888,25.777952383537034,4.903103375999999,44.6
6,sample_std,,17.25683764157834,49.44348627026132,23.36860384508965,12.093683306831128,0.12413711043867513,0.45687444761155355,16.746321461598377,0.09154085090449364,4.878524367060187
6,min,,34.073199762037035,43.1500006,193.02067422,26.64814814814815,0.9103556589814815,11.617031178148148,16.449789640092593,4.800515571111111,40.0
6,max,,74.36577836796296,165.46659685,251.52784037,56.388888888888886,1.2058633726851853,12.7249896275,55.60545011759259,5.052107809722222,52.0
7,run,run01,4326.5255971169845,7290.7622677,7417.11035767,100.0,0.8292137088095238,13.565817415396825,4306.867809863968,5.2627561288095235,1564.0
7,run,run02,4127.44478072873,6837.9692601,6965.45758505,100.0,1.2811499482539683,13.49063999563492,4107.452012083175,5.220978701666667,1468.0
7,run,run03,4475.070635011667,7532.5745973,7663.02877914,100.0,1.2707652993650793,13.42921730436508,4455.096520262857,5.274132145079365,1615.0
7,run,run04,4379.283532409445,7367.2626895,7489.75212258,100.0,0.7641556903174603,13.350808775714286,4359.897009317539,5.271558625873016,1577.0
7,run,run05,4161.993178169127,7038.34882955,7153.59864739,100.0,0.8015826160317461,13.395817143809523,4142.549015974444,5.24676243484127,1508.0
7,mean,,4294.063544687191,7213.383528830001,7337.789498365999,100.0,0.9893734525555556,13.446460126984126,4274.372473500397,5.255237607253968,1546.4
7,sample_std,,146.87085493583308,275.28268317620194,277.3636380701044,0.0,0.2626568470074416,0.0839780190997545,146.86000015674293,0.02193973868488765,58.252038590936884
7,min,,4127.44478072873,6837.9692601,6965.45758505,100.0,0.7641556903174603,13.350808775714286,4107.452012083175,5.220978701666667,1468.0
7,max,,4475.070635011667,7532.5745973,7663.02877914,100.0,1.2811499482539683,13.565817415396825,4455.096520262857,5.274132145079365,1615.0
