sequence,rep,C,valid,exit_code,retried,started_utc_ns,finished_utc_ns,elapsed_seconds,throughput_qps,latency_min_ms,latency_max_ms,latency_mean_ms,latency_median_ms,latency_p90_ms,latency_p95_ms,latency_p99_ms,enqueue_min_ms,enqueue_max_ms,enqueue_mean_ms,enqueue_median_ms,enqueue_p90_ms,enqueue_p95_ms,enqueue_p99_ms,h2d_min_ms,h2d_max_ms,h2d_mean_ms,h2d_median_ms,h2d_p90_ms,h2d_p95_ms,h2d_p99_ms,gpu_compute_min_ms,gpu_compute_max_ms,gpu_compute_mean_ms,gpu_compute_median_ms,gpu_compute_p90_ms,gpu_compute_p95_ms,gpu_compute_p99_ms,d2h_min_ms,d2h_max_ms,d2h_mean_ms,d2h_median_ms,d2h_p90_ms,d2h_p95_ms,d2h_p99_ms,timing_rows,multi_stream_latency_warning
1,1,1,True,0,False,1789102302752113895,1789102335700083074,32.947975216,238.728,3.96094,4.48682,4.18018,4.17383,4.30908,4.34326,4.4043,2.04492,3.55859,2.5892,2.51904,3.00977,3.03711,3.0625,0.0234375,0.238281,0.0541675,0.0429688,0.0820312,0.118164,0.197266,3.91992,4.41504,4.1207,4.11621,4.2373,4.27148,4.33105,0.00195312,0.0292969,0.00531526,0.00585938,0.00683594,0.0078125,0.0151367,7165,False
2,1,2,True,0,False,1789102335863577067,1789102368650901466,32.787328353,238.335,4.30469,5.54883,5.07886,5.17383,5.35547,5.38867,5.44727,2.30078,3.0708,2.61695,2.55469,2.92188,2.94922,3.01172,0.0332031,0.161377,0.0549186,0.0488281,0.0722656,0.0869141,0.105469,4.23828,5.46484,5.01413,5.10742,5.29102,5.32617,5.37891,0.00195312,0.0761719,0.00982025,0.00683594,0.0214844,0.0253906,0.03125,7155,True
3,1,3,True,0,False,1789102368807365446,1789102401737401906,32.930040405,243.163,4.22949,6.01953,5.05203,5.11963,5.29395,5.33887,5.4209,2.19336,3.1377,2.40343,2.375,2.68359,2.73096,2.80151,0.029541,0.173828,0.0603847,0.0527344,0.0898438,0.105957,0.149414,4.17676,5.95312,4.98188,5.05078,5.22266,5.26562,5.34277,0.00195312,0.0644531,0.00975379,0.00585938,0.0219727,0.0273438,0.0351562,7300,True
4,1,4,True,0,False,1789102401906626006,1789102435029550673,33.122928445,241.317,4.31641,5.56641,5.14007,5.19531,5.35547,5.39844,5.46338,1.81836,3.16992,2.27497,2.24805,2.39746,2.59961,2.65039,0.0305176,0.156738,0.0540394,0.0507812,0.0712891,0.0761719,0.107422,4.2749,5.50586,5.07629,5.13086,5.29297,5.33984,5.40625,0.00195312,0.0703125,0.00974446,0.00585938,0.0219727,0.0273438,0.0322266,7248,True
5,1,5,True,0,False,1789102435191015576,1789102468496788718,33.305777086,245.148,4.23242,6.09106,5.07904,5.12012,5.29688,5.37109,5.46973,1.76074,3.1377,2.10792,2.08984,2.17676,2.41992,2.4668,0.0322266,0.136719,0.0565292,0.0524902,0.0703125,0.0756836,0.103516,4.18359,6.02979,5.01347,5.05566,5.23438,5.30957,5.41016,0.00195312,0.0878906,0.00903743,0.00585938,0.0195312,0.0258789,0.0332031,7366,True
6,1,6,True,0,False,1789102468657750039,1789102502096045534,33.438299681,241.178,4.24414,6.30859,5.15827,5.19922,5.37109,5.43262,5.53711,1.61523,3.2207,2.06398,2.0459,2.17773,2.3125,2.44141,0.0371094,0.163086,0.0587302,0.0546875,0.0751953,0.0996094,0.112305,4.19531,6.23633,5.0895,5.13086,5.30322,5.36719,5.47656,0.00195312,0.0771484,0.0100495,0.00585938,0.0244141,0.0275879,0.0332031,7243,True
7,1,7,True,0,False,1789102502263337783,1789102535961194607,33.697860268,245.671,4.24414,5.55713,5.0625,5.10498,5.26953,5.3291,5.4248,1.75195,5.41797,2.02823,1.98254,2.11719,2.3291,4.60742,0.0292969,0.146484,0.0572398,0.0527344,0.0732422,0.09375,0.107422,4.18164,5.50195,4.99639,5.03906,5.20361,5.26562,5.35938,0.00195312,0.0742188,0.00886968,0.00585938,0.0197754,0.0263672,0.0332031,7382,True
8,2,2,True,0,False,1789102536128737323,1789102568902219903,32.773486655,240.247,4.24805,5.55713,5.01987,5.11328,5.29688,5.33789,5.4082,1.78223,3.19824,2.62589,2.5752,2.91797,2.97729,2.99854,0.0273438,0.15918,0.0524409,0.046875,0.0722656,0.078125,0.106934,4.20703,5.45093,4.95829,5.05078,5.23779,5.27734,5.35059,0.00195312,0.0598145,0.00913693,0.00585938,0.0214844,0.0263672,0.0332031,7212,True
9,2,3,True,0,False,1789102569063040084,1789102602005864878,32.942829054,239.915,4.3208,5.58301,5.12892,5.19922,5.36133,5.39844,5.46045,2.15625,3.07666,2.42867,2.40234,2.70117,2.74805,2.7793,0.0351562,0.179688,0.0624526,0.0546875,0.0859375,0.111328,0.15332,4.27124,5.52051,5.0567,5.12695,5.2832,5.32227,5.39258,0.00195312,0.09375,0.00977422,0.00585938,0.0229492,0.0273438,0.0332031,7203,True
10,2,4,True,0,False,1789102602171199414,1789102635299723139,33.128527706,245.691,4.26221,5.71875,5.02605,5.07715,5.23242,5.27246,5.33594,1.93091,3.10059,2.25785,2.22803,2.37891,2.56641,2.59961,0.03125,0.128906,0.0536065,0.0488281,0.0703125,0.0742188,0.0996094,4.2168,5.64844,4.96404,5.01562,5.17188,5.21484,5.2793,0.00195312,0.0585938,0.00840958,0.00585938,0.0195312,0.0253906,0.0319824,7379,True
11,2,5,True,0,False,1789102635459553619,1789102668739110201,33.27956035,241.388,4.32812,5.69531,5.15233,5.18945,5.36914,5.43066,5.50781,1.96313,3.14551,2.12531,2.09375,2.2168,2.41992,2.48242,0.0371094,0.141113,0.0578525,0.0541992,0.0722656,0.0878906,0.108398,4.26758,5.64062,5.08478,5.12207,5.30469,5.36328,5.43945,0.00195312,0.0712891,0.00969952,0.00585938,0.0234375,0.0273438,0.0322266,7250,True
12,2,6,True,0,False,1789102668905576996,1789102702354793670,33.449220805,245.137,4.24512,5.79395,5.07277,5.11328,5.28223,5.35547,5.48438,1.83569,3.11523,2.06284,2.04883,2.16553,2.32227,2.43945,0.03125,0.154297,0.057868,0.0527344,0.0722656,0.09375,0.105469,4.18262,5.71094,5.00581,5.04688,5.21582,5.28711,5.42188,0.00195312,0.0703125,0.00908243,0.00585938,0.0214844,0.0273438,0.0332031,7370,True
13,2,7,True,0,False,1789102702513144883,1789102736137145291,33.624004945,241.325,4.32812,5.7168,5.17347,5.2207,5.37988,5.42871,5.52441,1.75562,5.48047,2.04662,2.00391,2.15137,2.31445,4.6875,0.0371094,0.144043,0.0583818,0.0537109,0.0742188,0.0917969,0.112305,4.2793,5.6582,5.10552,5.1543,5.31055,5.36133,5.46094,0.00195312,0.0703125,0.00958317,0.00585938,0.0234375,0.0273438,0.0332031,7255,True
14,2,1,True,0,False,1789102736304518623,1789102768911380249,32.606864968,241.702,3.95312,4.55737,4.12615,4.1084,4.27026,4.31714,4.37402,2.33984,3.19531,2.53849,2.45801,2.95312,2.9668,2.98047,0.03125,0.205078,0.0569086,0.0512695,0.0742188,0.078125,0.126953,3.9043,4.49902,4.06396,4.0498,4.19141,4.23828,4.29199,0.00195312,0.0307617,0.0052791,0.00537109,0.0065918,0.0078125,0.015625,7252,False
15,3,3,True,0,False,1789102769071176536,1789102802014830901,32.943658458,239.898,4.24805,6.04492,5.1229,5.19629,5.36133,5.40234,5.46289,1.9668,3.0293,2.42309,2.39258,2.67969,2.72266,2.80664,0.0324707,0.179688,0.0586082,0.0527344,0.0761719,0.101318,0.121094,4.19922,5.98438,5.05453,5.125,5.29248,5.33789,5.39648,0.00195312,0.0673828,0.00977722,0.00585938,0.0224609,0.0273438,0.0332031,7201,True
16,3,4,True,0,False,1789102802171489740,1789102835287198636,33.11571172,246.033,4.22461,5.47852,5.02232,5.07617,5.23633,5.2793,5.35742,1.88281,3.08984,2.22258,2.19727,2.33398,2.5293,2.56055,0.0332031,0.125,0.0560786,0.0507812,0.0703125,0.0761719,0.0996094,4.17383,5.40625,4.95769,5.01221,5.1748,5.2207,5.29688,0.00195312,0.0639648,0.00854988,0.00585938,0.0195312,0.0266113,0.0341797,7387,True
17,3,5,True,0,False,1789102835444611909,1789102868723294847,33.278686817,242.577,4.24609,5.91602,5.13599,5.17578,5.36035,5.42578,5.52344,1.9043,3.26758,2.14789,2.12744,2.23438,2.44336,2.5,0.0332031,0.136719,0.0576138,0.0529785,0.0722656,0.0800781,0.105957,4.19336,5.85938,5.06854,5.10742,5.29248,5.36035,5.46094,0.00195312,0.078125,0.00983645,0.00585938,0.0234375,0.0273438,0.0332031,7289,True
18,3,6,True,0,False,1789102868884219358,1789102902333271177,33.449055837,245.729,4.22852,5.61914,5.06543,5.10352,5.27002,5.34961,5.46533,1.86328,3.24805,2.05578,2.03711,2.15234,2.33398,2.43164,0.0292969,0.148438,0.0582043,0.0527344,0.0732422,0.09375,0.107422,4.17773,5.5625,4.9982,5.03711,5.20508,5.28418,5.40527,0.00195312,0.0722656,0.00901743,0.00585938,0.0214844,0.0273438,0.0351562,7385,True
19,3,7,True,0,False,1789102902494237026,1789102936120013040,33.62577993,243.619,4.25781,5.69434,5.12331,5.16211,5.33789,5.39209,5.49219,1.7168,5.35352,2.072,2.01953,2.16699,2.35059,4.69531,0.0292969,0.15332,0.0578182,0.0527344,0.0722656,0.0898438,0.111328,4.19727,5.62109,5.05615,5.0957,5.27148,5.3252,5.42578,0.00195312,0.0754395,0.00933979,0.00585938,0.0214844,0.0273438,0.0332031,7319,True
20,3,1,True,0,False,1789102936286700389,1789102968875543369,32.588846573,236.765,4.01367,4.50195,4.20414,4.18945,4.32324,4.36475,4.41992,2.3418,3.42529,2.54353,2.46289,2.95679,2.97217,2.98633,0.0288086,0.152344,0.0476781,0.0429688,0.0683594,0.0683594,0.137695,3.96289,4.42773,4.15119,4.1416,4.25391,4.29199,4.34766,0.00195312,0.0332031,0.00527388,0.00512695,0.00598145,0.00683594,0.0175781,7105,False
21,3,2,True,0,False,1789102969027674015,1789103001783126313,32.755456066,243.102,4.21094,9.87695,4.98801,5.08496,5.2793,5.32422,5.4043,2.00977,10.9395,2.59562,2.54492,2.79199,2.94336,2.96582,0.0283203,0.34375,0.0529076,0.0488281,0.0703125,0.074707,0.109375,4.1709,9.79492,4.92691,5.02344,5.2168,5.26636,5.33984,0.00195312,0.0625,0.00818361,0.00585938,0.0195312,0.0253906,0.03125,7296,True
22,4,4,True,0,False,1789103001942912282,1789103035032933420,33.090024786,245.1,4.24414,7.9668,5.05128,5.10156,5.26367,5.30469,5.37305,2.02051,7.11719,2.23349,2.20508,2.33789,2.54297,2.57617,0.0302734,0.136719,0.0555286,0.0507812,0.0693359,0.0791016,0.101562,4.19434,7.88477,4.98636,5.03711,5.20312,5.24609,5.31641,0.00195312,0.0673828,0.00938976,0.00585938,0.0224609,0.0273438,0.0332031,7360,True
23,4,5,True,0,False,1789103035194418015,1789103068462457248,33.268043121,245.311,4.28027,5.55786,5.06816,5.10742,5.27148,5.33008,5.4043,1.93945,5.83984,2.12376,2.10742,2.19531,2.43701,2.49268,0.03125,0.142578,0.0557643,0.0517578,0.0703125,0.0761719,0.102539,4.22852,5.48145,5.00374,5.04297,5.20898,5.26758,5.3457,0.00195312,0.0644531,0.00864335,0.00585938,0.0185547,0.0251465,0.03125,7367,True
24,4,6,True,0,False,1789103068629131617,1789103102062505941,33.433378555,241.509,4.23633,7.81934,5.17349,5.21094,5.3877,5.45312,5.59473,1.8418,9.2207,2.07765,2.05469,2.18164,2.34204,2.48828,0.0341797,0.143555,0.0578972,0.0527344,0.0742188,0.0864258,0.114746,4.18164,7.73682,5.10579,5.14453,5.31812,5.38477,5.53516,0.00195312,0.0839844,0.00980025,0.00585938,0.0234375,0.0273438,0.03125,7255,True
25,4,7,True,0,False,1789103102223206740,1789103135872211229,33.6490086,245.347,4.26172,8.02344,5.06974,5.11133,5.2793,5.34375,5.43457,1.68359,7.95117,2.05223,1.99609,2.14893,2.33105,4.74219,0.0332031,0.157227,0.0584658,0.0527344,0.0742188,0.0961914,0.107422,4.20898,7.95508,5.00208,5.04492,5.21094,5.27539,5.36816,0.00195312,0.0820312,0.00919322,0.00585938,0.0214844,0.0273438,0.034668,7379,True
26,4,1,True,0,False,1789103136043193771,1789103168639580814,32.596390616,241.915,3.95508,8.93555,4.11835,4.10156,4.25,4.29492,4.3479,1.60547,8.19141,2.51726,2.4375,2.92188,2.94482,2.96289,0.0292969,0.15625,0.0518184,0.046875,0.0703125,0.0722656,0.118164,3.90527,8.85547,4.06126,4.04932,4.17578,4.21777,4.27148,0.00195312,0.034668,0.00526523,0.00537109,0.00610352,0.00683594,0.0161133,7260,False
27,4,2,True,0,False,1789103168799748357,1789103201577417322,32.777672724,241.289,4.26367,10.5684,5.03431,5.14648,5.3125,5.34766,5.41016,2.14258,12.7285,2.60637,2.53516,2.9082,2.92773,3.00488,0.0332031,0.158691,0.055162,0.0498047,0.0722656,0.078125,0.107422,4.21289,10.5,4.96938,5.08105,5.25,5.28516,5.34668,0.00195312,0.0625,0.00977882,0.0065918,0.0234375,0.0273438,0.0341797,7243,True
28,4,3,True,0,False,1789103201742983612,1789103234691304667,32.948325333,242.57,4.20117,5.52881,5.06549,5.13672,5.31201,5.354,5.42578,1.99609,6.01953,2.42367,2.39453,2.68555,2.75342,2.8252,0.0234375,0.302734,0.0586658,0.0517578,0.0820312,0.101562,0.142578,4.1582,5.47217,4.99739,5.06641,5.24512,5.28516,5.36328,0.00195312,0.0722656,0.00943185,0.00585938,0.0219727,0.0273438,0.0351562,7285,True
29,5,5,True,0,False,1789103234852252055,1789103268133415788,33.281167751,241.145,4.3374,6.20874,5.17162,5.21289,5.38086,5.44141,5.53711,1.92334,6.1228,2.15094,2.13086,2.23926,2.43066,2.49023,0.0366211,0.138672,0.0573239,0.0527344,0.0722656,0.0793457,0.108398,4.28125,6.10669,5.10496,5.14697,5.31445,5.37695,5.47266,0.00195312,0.078125,0.00934209,0.00585938,0.0214844,0.0273438,0.0327148,7244,True
30,5,6,True,0,False,1789103268289943112,1789103301790109133,33.500169548,245.77,4.23047,6.24219,5.06442,5.10156,5.27148,5.34961,5.47656,1.86426,5.66895,2.06153,2.04492,2.1543,2.33789,2.42773,0.0332031,0.65625,0.0582529,0.0527344,0.0732422,0.09375,0.106445,4.17383,6.16797,4.99666,5.03516,5.20508,5.28516,5.41016,0.00195312,0.0625,0.00952317,0.00585938,0.0224609,0.0273438,0.0351562,7390,True
31,5,7,True,0,False,1789103301957141401,1789103335566707445,33.609569775,246.014,4.2207,11.5488,5.05998,5.09961,5.27539,5.34375,5.45117,1.73535,11.4546,2.06596,2.00195,2.16016,2.33789,4.81445,0.03125,0.161133,0.0576479,0.0527344,0.0722656,0.0927734,0.105469,4.16992,11.4458,4.99338,5.03516,5.20801,5.27734,5.38477,0.00195312,0.0585938,0.00895585,0.00585938,0.0214844,0.027832,0.0332031,7395,True
32,5,1,True,0,False,1789103335729023754,1789103368320818394,32.59179839,241.855,3.94336,11.9492,4.11693,4.09961,4.25391,4.29688,4.35376,1.58789,11.5645,2.52582,2.44922,2.93066,2.95117,2.96875,0.0263672,0.348145,0.0480244,0.0422363,0.0664062,0.0683594,0.121094,3.90625,11.875,4.0639,4.05078,4.18359,4.22656,4.28125,0.00195312,0.03125,0.00501533,0.00488281,0.00585938,0.00683594,0.015625,7257,False
33,5,2,True,0,False,1789103368483419192,1789103401243469957,32.760054275,239.635,4.24805,9.38477,5.05138,5.14844,5.32715,5.36279,5.42969,1.85742,12.9343,2.62856,2.57617,2.88745,2.97363,3.00488,0.0305176,0.160156,0.0538829,0.0488281,0.0722656,0.0761719,0.112793,4.18164,9.33203,4.98789,5.08325,5.26367,5.30078,5.36914,0.00195312,0.0742188,0.00961375,0.00585938,0.0224609,0.0273438,0.0332031,7195,True
34,5,3,True,0,False,1789103401407113986,1789103434311169267,32.904059022,240.904,4.28906,10.3867,5.11251,5.19043,5.34375,5.38135,5.44238,1.74219,10.2949,2.44456,2.41602,2.65479,2.76172,2.80078,0.0371094,0.166016,0.0610015,0.0546875,0.0791016,0.107422,0.138672,4.24512,10.2773,5.04193,5.11914,5.27148,5.30859,5.375,0.00195312,0.0605469,0.00959848,0.00585938,0.0229492,0.0273438,0.0332031,7233,True
35,5,4,True,0,False,1789103434469290837,1789103467575976214,33.106689182,242.586,4.24023,8.89453,5.12349,5.17969,5.34961,5.39941,5.47168,2.04883,6.43066,2.25748,2.23242,2.37988,2.55176,2.625,0.0292969,2.42578,0.0569852,0.0517578,0.0712891,0.0761719,0.108398,4.1875,6.4375,5.05675,5.11328,5.28467,5.33594,5.40649,0.00195312,0.0791016,0.0097454,0.00585938,0.0224609,0.0273438,0.0332031,7284,True
