acquisition_id,round,trace,policy,window,phase,arrival_start_s,arrival_end_s,n,miss_count,DMR_percent,start_lag_mean_ms,start_lag_p95_ms,start_lag_p99_ms,front_end_mean_ms,front_end_p95_ms,front_end_p99_ms,queue_mean_ms,queue_p95_ms,queue_p99_ms,service_mean_ms,service_p95_ms,service_p99_ms,local_mean_ms,local_p95_ms,local_p99_ms
primary_01,1,B,FIXED_C4,startup,0,0,1,210,210,100.0,51.876095304761904,194.9274208,203.25054077000001,25.3701959,33.1146269,236.03944816,157.89622482380955,201.5818,205.84201516,17.837795333333332,21.8349823,55.556322759999986,252.98031136190477,311.04786484999994,326.70145412
primary_01,1,B,FIXED_C4,phase_remainder,0,1,15,2940,1477,50.23809523809524,0.9840995438775509,3.5971502499999994,5.830957420000003,13.369902585034012,17.4451479,19.593800250000037,14.0693249,88.09038404999983,150.44021058,14.99630760340136,19.015829649999997,21.922151080000006,43.41963463231292,122.75053524999997,184.55934673000013
primary_01,1,B,FIXED_C4,transition,1,15,16,180,66,36.666666666666664,0.672616588888889,2.291100349999999,3.8268839900000025,12.408478944444443,15.420519249999998,17.375056860000004,4.490225027777778,16.296444899999994,18.063913550000006,14.525958305555555,19.950848,23.392102120000004,32.09727886666667,40.418470949999985,43.66836121000004
primary_01,1,B,FIXED_C4,phase_remainder,1,16,30,2520,819,32.5,0.5751942920634922,1.9558097999999995,3.5161873599999964,12.156219775396826,14.891850199999999,16.596783339999998,4.221628208333333,14.734922549999997,16.31990848,14.096510580555556,18.504829649999994,19.859232099999996,31.04955285634921,38.673764850000005,40.44713071
primary_01,1,B,FIXED_C4,transition,2,30,31,210,102,48.57142857142857,1.0642220285714286,3.924139899999997,5.970738669999999,13.51270917142857,17.9527586,19.90548642,5.371734685714286,15.581690499999992,18.136130379999997,14.976316666666666,19.71230055,22.59919385,34.924982552380946,45.71953155,47.76801244999999
primary_01,1,B,FIXED_C4,phase_remainder,2,31,45,2940,1331,45.27210884353742,0.9197156700680272,3.2665034,5.109139140000006,13.27740859489796,16.8777919,18.947735580000007,5.42736520510204,15.02212719999999,16.85513531,14.904984376190477,18.792708299999997,21.185930180000017,34.529473846258504,45.48313039999999,48.20546074
primary_01,1,B,FIXED_C4,transition,3,45,46,180,59,32.77777777777778,0.5499423444444445,2.05367055,2.7663476200000012,11.996784844444445,15.20007495,17.530235140000002,4.225864444444444,15.030365799999998,15.714763240000002,14.205525155555556,18.311590299999995,19.97511225,30.97811678888889,38.5884479,40.43973355000001
primary_01,1,B,FIXED_C4,phase_remainder,3,46,60,2520,794,31.50793650793651,0.5547629769841269,1.8647268999999986,3.184279339999999,12.096020571428571,14.746964749999998,16.35316778,4.170331501984127,14.604698299999988,16.35268949,14.05933448888889,18.3956977,19.74945771,30.880449539285717,38.7384522,40.17912516999999
primary_01,1,B,FIXED_C4,K6_arrival_cohort,,,,5400,1738,32.18518518518518,0.5680653566666667,1.94023475,3.3378117800000022,12.131220954814815,14.877977099999999,16.66802002,4.206784180555556,14.84403065,16.388996730000006,14.09711048111111,18.4834334,19.86602753,31.003180973148147,38.771129200000004,40.4143582
primary_01,1,B,FIXED_C4,K7_arrival_cohort,,,,6300,3120,49.523809523809526,2.6531243442857146,4.014989449999999,66.96951381000119,13.73150871968254,17.6616853,23.065970240000027,14.54072069936508,92.72682414999979,193.68610026000002,15.047739990476192,19.036823349999995,21.948035510000018,45.97309375380953,145.32955479999958,277.02660966
primary_02,1,A,FIXED_C2,startup,0,0,1,180,180,100.0,25.616635833333333,135.64118019999998,158.39199526000007,20.158231355555557,42.5772321999999,169.63309625000002,109.18146242777779,147.58117804999998,155.28843188000002,10.254251416666666,14.74229205,24.024352590000166,165.21058103333334,243.51701914999995,258.21622496000003
primary_02,1,A,FIXED_C2,phase_remainder,0,1,15,2520,864,34.285714285714285,0.565636246031746,1.8255067499999997,3.38129898,12.037489872619048,14.864318499999996,16.840050729999994,8.78608614047619,16.35481145,66.60987996,8.663361827380951,10.101942949999998,11.401625319999999,30.052574086507935,39.2420519,89.72162884999996
primary_02,1,A,FIXED_C2,transition,1,15,16,210,93,44.285714285714285,0.7719502761904762,2.711962849999999,4.7124374499999995,12.897613885714286,17.19203365,18.867170849999997,10.284768323809523,22.545500549999996,25.05280137,8.696903371428572,11.215949499999997,13.09172961,32.65123585714286,47.7326266,50.322128479999996
primary_02,1,A,FIXED_C2,phase_remainder,1,16,30,2940,1325,45.06802721088435,0.7354207023809525,2.6017336499999986,4.419155720000001,12.97053016632653,16.736358099999997,18.81453000000001,10.235906212925169,22.92813335,26.495792820000034,8.578830508503401,10.706265349999999,12.611692950000004,32.520687590136056,46.47425664999999,52.06412044000002
primary_02,1,A,FIXED_C2,transition,2,30,31,180,55,30.555555555555557,0.57268005,1.8010872999999914,3.2135350600000048,11.349119616666668,13.96126425,14.857430690000003,7.415636127777778,15.709770999999998,16.661791660000002,8.686610077777777,9.90158595,10.78710728,28.02404587222222,37.71688025,38.41524897000001
primary_02,1,A,FIXED_C2,phase_remainder,2,31,45,2520,797,31.626984126984127,0.6136220388888889,1.9823132999999993,3.637178269999998,12.004446158333334,14.655865249999996,16.573425629999996,7.3016818174603175,15.855677899999996,16.82215732,8.615542406349206,9.9396065,11.02098515,28.53529242103175,38.5980617,40.117466449999995
primary_02,1,A,FIXED_C2,transition,3,45,46,210,88,41.904761904761905,0.7669102571428572,3.024309149999996,4.346365570000001,13.198163547619048,17.502771649999993,19.7044038,9.396513971428572,21.933068099999993,23.282382690000002,8.467524866666666,10.83252815,13.974417319999993,31.82911264285714,45.88148135,47.0540658
primary_02,1,A,FIXED_C2,phase_remainder,3,46,60,2940,1260,42.857142857142854,0.7140672282312925,2.5397373999999995,4.477942340000001,12.691129376870748,16.135241999999995,18.12562786,9.751955608503401,22.474235799999995,24.40313017,8.521362689455783,10.469528449999999,12.065964480000002,31.678514903061227,44.673096099999995,47.31408786
primary_02,1,A,FIXED_C2,K6_arrival_cohort,,,,5400,1896,35.111111111111114,1.4232977290740743,2.1054520500000002,15.043651810000005,12.269815180185185,15.023418200000002,17.56847274,11.394194998888889,17.385571650000003,131.51083221000022,8.694850692222223,10.182278949999999,11.888527730000003,33.78215860037037,41.74309575,171.06724678000003
primary_02,1,A,FIXED_C2,K7_arrival_cohort,,,,6300,2766,43.904761904761905,0.727723052063492,2.5821866999999967,4.480728190000007,12.845300367936508,16.573723599999997,18.548916870000014,9.983711593174602,22.688617699999988,25.019543660000004,8.552237766984128,10.619488949999997,12.491549750000003,32.10897278015873,45.513733699999996,50.18459283000001
primary_03,1,A,K_LOOKUP_C2_C4,startup,0,0,1,180,180,100.0,60.32677271666667,218.71311154999995,249.58955835000003,22.827233661111112,24.748793799999692,282.15515746000005,164.28755594999998,225.42302719999998,232.49019138000003,10.483290594444444,14.881681499999987,34.335680230000136,257.9248529222222,350.64097089999996,359.46740042
primary_03,1,A,K_LOOKUP_C2_C4,phase_remainder,0,1,15,2520,945,37.5,0.5754089,1.9803913499999994,3.48964557,12.100711199603174,15.011528799999997,17.816444839999992,13.52983344484127,65.85180409999981,145.40025862999997,8.690792393650794,10.09979865,11.71104872,34.89674593809524,89.50335969999996,169.75747177999978
primary_03,1,A,K_LOOKUP_C2_C4,transition,1,15,16,210,98,46.666666666666664,0.9160964238095238,3.1141796499999965,3.93595684,13.362196904761905,17.338713599999995,20.08929361,5.522559352380953,14.903528949999997,17.17982186,15.038847276190477,19.43090189999999,24.383096049999995,34.83969995714286,45.269771850000005,48.889793139999995
primary_03,1,A,K_LOOKUP_C2_C4,phase_remainder,1,16,30,2940,1328,45.17006802721088,0.9796737602040817,3.324492599999998,4.988845320000003,13.25679502585034,16.9971598,18.780330480000003,5.4981170040816325,15.263179899999995,17.00534991,15.00017667414966,18.985247049999998,21.34969188,34.734762464285716,45.3469239,47.610760430000006
primary_03,1,A,K_LOOKUP_C2_C4,transition,2,30,31,180,59,32.77777777777778,0.5521478722222223,1.7728896999999986,3.6987034800000007,12.0099803,14.358532499999997,15.33129709,7.426810966666666,15.992787599999998,16.60354333,8.615360416666666,9.820941149999998,11.59931221,28.604299555555556,38.35121715,39.38688666000001
primary_03,1,A,K_LOOKUP_C2_C4,phase_remainder,2,31,45,2520,825,32.73809523809524,0.622488782936508,1.9530210999999935,3.7372379199999983,11.972044118253969,14.503916949999997,16.588140739999996,7.500755570634921,16.003839349999996,16.96181449,8.696504863492065,9.979968449999998,11.252393839999998,28.791793335317458,38.784467049999996,40.268687990000004
primary_03,1,A,K_LOOKUP_C2_C4,transition,3,45,46,210,91,43.333333333333336,0.8230681285714286,2.777004299999995,4.418323009999998,13.070350633333334,16.13503355,17.97237668,5.642774271428571,15.21842275,16.04734135,14.86882929047619,18.357951549999996,19.498626,34.405022323809526,45.30890889999999,46.90659238
primary_03,1,A,K_LOOKUP_C2_C4,phase_remainder,3,46,60,2940,1338,45.51020408163265,1.0175394166666667,3.1942238499999998,5.617385360000012,13.137765678231293,16.881639449999994,18.628847890000007,5.664723621428571,15.463462199999999,17.05190893000001,15.076567298979592,18.926860799999996,21.386265000000005,34.89659601530612,45.4510283,47.90892082
primary_03,1,A,K_LOOKUP_C2_C4,K6_arrival_cohort,,,,5400,2009,37.2037037037037,2.5883162716666663,2.4377559000000004,96.54973101000077,12.395192947037037,15.0226034,18.133046420000007,15.538087104444443,74.67139435000001,202.45142177000002,8.750693753703704,10.21018205,12.338359510000004,39.27229007685185,116.38184205000003,280.1895786900002
primary_03,1,A,K_LOOKUP_C2_C4,K7_arrival_cohort,,,,6300,2855,45.317460317460316,0.9900049676190477,3.230207899999996,5.309712290000003,13.198546579841269,16.93788365,18.70517135000001,5.581503412698412,15.343099149999999,17.010381490000007,15.032736406349207,18.955078649999997,21.400813540000016,34.80279136650794,45.402209199999994,47.734137970000006
primary_04,1,B,FIXED_C2,startup,0,0,1,210,210,100.0,37.94370790952381,160.81399954999998,189.56205655,22.15648684761905,29.749961399999982,218.78397970999987,217.15163415714284,275.230014,278.08856033,10.2020316,13.789365349999995,42.83041587999997,287.45386051428574,324.49465304999995,331.67079046
primary_04,1,B,FIXED_C2,phase_remainder,0,1,15,2940,2356,80.1360544217687,0.7336711680272109,2.5552625499999957,5.314555690000012,13.368475812585034,17.3951297,19.835099870000008,95.13178945816325,246.42338205,261.53933824000006,8.963945095918367,11.675362249999996,14.458941440000006,118.19788153469388,270.6438701999998,287.72943379000003
primary_04,1,B,FIXED_C2,transition,1,15,16,180,58,32.22222222222222,0.5333042722222222,1.8036253499999992,3.4043223000000005,11.938077244444445,14.2478147,15.227965910000002,7.47360865,16.0622141,17.142855330000007,8.574111383333333,10.110943299999997,10.75254637,28.519101550000002,38.21374865,39.1330131
primary_04,1,B,FIXED_C2,phase_remainder,1,16,30,2520,818,32.46031746031746,0.5697866626984127,1.8761553499999957,3.297363159999999,12.044578519444444,14.668768049999999,16.24878542,7.389544929365079,15.95176395,16.939292819999995,8.654829757936508,10.011141299999998,10.92154995,28.658739869444446,38.5482695,39.70095499
primary_04,1,B,FIXED_C2,transition,2,30,31,210,88,41.904761904761905,0.7156711380952381,2.6404012999999997,4.9678838099999965,12.8609087,16.178418699999998,16.92423562,9.5017781,22.40929645,23.58202725,8.487186666666666,10.356088549999999,12.040277239999998,31.565544604761907,44.22366495,45.70945167
primary_04,1,B,FIXED_C2,phase_remainder,2,31,45,2940,1299,44.183673469387756,0.7338413051020407,2.71579105,4.5513520199999995,13.01009587517007,16.534267649999993,18.54137215,9.936223438095238,22.773761999999998,24.496794290000015,8.526436045578231,10.52927895,12.143097810000004,32.206596663945575,45.53045749999998,49.239916160000014
primary_04,1,B,FIXED_C2,transition,3,45,46,180,60,33.333333333333336,0.5479037111111111,1.2008207499999983,3.362618110000003,12.033776072222222,14.4690234,16.19930293,7.5389960333333335,16.046930499999995,17.14568685,8.674199133333333,9.808994999999998,10.2263712,28.79487495,38.67916955,39.032620380000004
primary_04,1,B,FIXED_C2,phase_remainder,3,46,60,2520,816,32.38095238095238,0.576573675,1.8862319499999998,3.1803088499999994,11.867086702380952,14.284321299999998,16.289623749999997,7.397528250793651,15.972237199999999,16.73933206,8.64423657420635,9.8659386,10.704990169999999,28.485425202380952,38.209868,39.27353935
primary_04,1,B,FIXED_C2,K6_arrival_cohort,,,,5400,1752,32.44444444444444,0.5710084237037036,1.8763995000000004,3.2703979300000006,11.957838880740741,14.49377405,16.263326290000002,7.401054306851852,15.980128650000001,16.883890800000003,8.647841305555556,9.947178100000002,10.834734,28.577742916851854,38.417492700000004,39.522029350000004
primary_04,1,B,FIXED_C2,K7_arrival_cohort,,,,6300,3953,62.74603174603175,1.9734851223809524,3.09529035,46.60458303000018,13.47724663920635,17.286807049999993,20.000168020000014,56.58685309349206,242.97382004999994,265.7910234600001,8.785151808253968,11.274881399999996,13.835231780000003,80.82273666333333,271.32630879999994,298.11790583000004
primary_05,1,B,K_LOOKUP_C2_C4,startup,0,0,1,210,210,100.0,33.71523946666667,150.01728474999996,158.33734078999998,22.319937138095238,27.503865749999992,190.14614157999998,141.43633162857142,189.5943471,198.43618073,18.01073165714286,25.06223909999999,48.73240165999997,215.4822398904762,270.4935952499999,283.94291955
primary_05,1,B,K_LOOKUP_C2_C4,phase_remainder,0,1,15,2940,1504,51.156462585034014,0.9791160421768708,3.4631897499999957,5.189828480000001,13.570364505782313,17.922091899999998,21.109984219999998,11.91744328707483,68.75218444999973,119.81808545000004,15.17586629489796,19.329632999999998,21.989096430000004,41.642790129931974,102.95182554999934,152.82308284000004
primary_05,1,B,K_LOOKUP_C2_C4,transition,1,15,16,180,58,32.22222222222222,0.5521249222222222,1.7385079999999993,3.35938887,12.201178577777776,14.45135885,15.725514770000002,7.526626583333333,15.991985199999998,16.94903876,8.592933188888889,9.87046415,10.507882620000004,28.872863272222222,38.5455357,39.464788520000006
primary_05,1,B,K_LOOKUP_C2_C4,phase_remainder,1,16,30,2520,813,32.26190476190476,0.5896277817460317,1.9498827499999984,3.6323676799999975,12.12347640079365,14.808666849999998,16.656779689999997,7.300814423015873,15.745256249999999,16.80883757,8.617823471825396,10.031158699999997,11.11150484,28.631742077380952,38.5482262,40.08684123999999
primary_05,1,B,K_LOOKUP_C2_C4,transition,2,30,31,210,92,43.80952380952381,0.9489315142857142,3.177037649999998,5.606564949999998,13.005577161904762,16.44995905,18.771610239999998,5.3778007,14.379762150000001,16.798177029999994,14.756169404761906,18.4787467,20.320949359999997,34.08847878095238,44.49986235,45.41775124
primary_05,1,B,K_LOOKUP_C2_C4,phase_remainder,2,31,45,2940,1342,45.64625850340136,0.932793787755102,3.1730402499999975,4.965175650000004,13.381311764285714,17.262638,19.558424300000002,5.462028273469388,15.234605049999997,16.769918250000014,14.963506130612245,18.86251395,21.17380139000001,34.73963995612245,45.358542199999995,47.96318198
primary_05,1,B,K_LOOKUP_C2_C4,transition,3,45,46,180,60,33.333333333333336,0.5798644833333333,1.9262385499999986,2.9749484500000007,12.064471055555556,15.223360899999998,15.790983390000003,7.356578022222222,15.7431853,16.68862751,8.695653349999999,9.782536149999999,10.326196400000002,28.696566911111113,38.5922746,39.38393506
primary_05,1,B,K_LOOKUP_C2_C4,phase_remainder,3,46,60,2520,812,32.22222222222222,0.5418925111111111,1.835539999999996,2.991926959999999,12.069667003571428,14.614180549999997,16.449682869999997,7.34742911984127,15.80886975,16.922527759999998,8.625686460714286,9.9292435,11.23405021,28.584675095238097,38.44023235,39.66342061
primary_05,1,B,K_LOOKUP_C2_C4,K6_arrival_cohort,,,,5400,1743,32.27777777777778,0.5657757835185185,1.87492325,3.263707110000005,12.098988576481482,14.7429129,16.586669590000003,7.3319538068518515,15.795242450000002,16.882694840000003,8.623257519814816,9.98060265,11.11171802,28.619975686666667,38.50186625,39.79372172000001
primary_05,1,B,K_LOOKUP_C2_C4,K7_arrival_cohort,,,,6300,3148,49.96825396825397,2.0476969533333333,3.6290995499999985,35.218866730000315,13.754966069365079,17.855882449999996,21.182158600000005,13.004224472539683,76.48081185,165.90719055000005,15.15727050063492,19.234610099999998,22.182011480000025,43.964157995873016,122.32210404999996,231.44618528000007
primary_06,1,A,FIXED_C4,startup,0,0,1,180,180,100.0,38.61983340555555,169.7287309,181.16347021,22.691762661111113,28.2935296,213.94090751,91.27057605,150.173141,159.12788534,18.10166910555556,25.4978134,48.05739616000004,170.6838412222222,262.87625464999996,277.2303021100001
primary_06,1,A,FIXED_C4,phase_remainder,0,1,15,2520,823,32.65873015873016,0.5916451658730159,1.9348915999999992,3.3384485899999987,12.23376972936508,14.85516789999999,16.90588530999999,4.229972311111111,14.738815299999997,17.373520789999997,14.078629686904762,18.60118704999999,20.121783259999997,31.134016893253968,39.0793804,41.21990227999999
primary_06,1,A,FIXED_C4,transition,1,15,16,210,97,46.19047619047619,1.0399910428571428,3.734385549999998,6.679540879999999,13.474622661904762,17.528102599999993,18.48330843,5.177907252380952,14.64934125,16.15368876,14.814559376190475,18.95788995,20.91763241,34.507080333333334,44.9207961,45.78004676
primary_06,1,A,FIXED_C4,phase_remainder,1,16,30,2940,1342,45.64625850340136,0.9428515955782313,3.3314569,4.965749210000001,13.310637169387755,16.879956349999997,18.920429160000005,5.478996995578231,15.299635949999997,17.143183130000015,14.941522426870748,19.072890649999998,21.522768480000003,34.67400818741497,45.595058849999994,48.074248440000005
primary_06,1,A,FIXED_C4,transition,2,30,31,180,58,32.22222222222222,0.5751234444444445,1.700726299999999,2.8810342800000037,12.086822888888888,14.617829899999995,15.840575650000003,4.078466272222222,14.57228265,15.842484390000001,14.09194035,18.32306205,19.263059500000008,30.832352955555553,38.4506241,39.17070758
primary_06,1,A,FIXED_C4,phase_remainder,2,31,45,2520,814,32.301587301587304,0.6047483686507937,1.9811076999999988,3.425093429999998,12.118173051984128,14.831650049999997,16.3491619,4.172717373015873,14.55116335,16.26009383,14.109686456746033,18.419953649999997,19.72232914,31.005325250396826,38.761589799999996,40.70939439
primary_06,1,A,FIXED_C4,transition,3,45,46,210,93,44.285714285714285,0.9808217285714286,3.5181758999999975,4.38514758,13.10853451904762,16.683218549999996,17.6307598,5.254365228571429,14.247391699999998,16.47183261,14.623877457142857,18.237158949999998,20.41758512,33.96759893333333,43.8722577,48.61496082
primary_06,1,A,FIXED_C4,phase_remainder,3,46,60,2940,1331,45.27210884353742,0.9563673517006802,3.3715287999999983,5.673598340000007,13.231068947278912,16.729425949999992,18.533395260000002,5.425658865306122,15.112952349999997,16.64040112,14.907602843197278,19.0556232,21.151816640000003,34.52069800748299,45.146557349999995,47.749190690000006
primary_06,1,A,FIXED_C4,K6_arrival_cohort,,,,5400,1875,34.72222222222222,1.8648155444444443,2.3329711,47.964481320000154,12.52352614962963,15.3558058,18.586727000000003,7.099556596666667,15.873492050000001,116.22167908000004,14.227667848888888,18.6770519,20.333930320000007,35.71556613962963,40.32342535000001,213.8543469300001
primary_06,1,A,FIXED_C4,K7_arrival_cohort,,,,6300,2863,45.44444444444444,0.9536626011111111,3.3775863999999975,5.226668710000002,13.272234760476191,16.8317975,18.811937900000004,5.436581817777778,15.179484949999999,16.852666710000012,14.91087302047619,19.032457749999992,21.298975360000004,34.57335219984127,45.32126614999999,47.940169550000014
primary_07,2,B,FIXED_C2,startup,0,0,1,210,210,100.0,64.91741185714285,213.29878344999995,236.44863919,24.39011323809524,47.76153694999974,238.17906969,252.9056371285714,353.78515235000003,360.50428768,10.496166447619046,15.977580099999999,19.0288581,352.7093286714286,395.100265,412.94993903
primary_07,2,B,FIXED_C2,phase_remainder,0,1,15,2940,2940,100.0,0.7523110656462585,3.0194766499999997,5.447237030000016,13.964421096258505,18.317500849999995,20.800961830000002,320.7251401139456,344.2873173,349.12605171,9.34365006632653,12.675113699999997,15.237187460000003,344.7855223421769,371.2845739,375.20823063
primary_07,2,B,FIXED_C2,transition,1,15,16,180,180,100.0,0.5987364277777778,1.9959683499999998,3.531030660000003,11.867829016666667,14.096370349999999,14.655901320000002,136.3895483,235.45423384999992,248.85052343,8.58894301111111,10.351117249999998,11.56585483,157.44505675555558,257.87505,269.93203124
primary_07,2,B,FIXED_C2,phase_remainder,1,16,30,2520,822,32.61904761904762,0.5579983456349207,1.8489724999999986,3.1923433199999987,12.06992271468254,14.617265,16.682551349999986,7.446592190079365,15.982931549999998,17.10071765,8.635929903174603,10.018669549999998,11.185380389999997,28.710443153571426,38.53724575,39.843539109999995
primary_07,2,B,FIXED_C2,transition,2,30,31,210,89,42.38095238095238,0.6339646380952382,2.0471974499999996,3.24851692,12.720930057142857,15.803584399999998,17.344818009999997,9.545420785714285,22.32006725,23.99971597,8.460650452380952,10.357610949999998,11.826433229999997,31.360965933333333,44.19789375,46.26426255
primary_07,2,B,FIXED_C2,phase_remainder,2,31,45,2940,1315,44.72789115646258,0.7318335982993197,2.6814105999999995,4.486505840000001,12.97286057414966,16.6622439,18.748305430000002,10.186327564965985,23.032704049999992,25.875642130000003,8.57370065510204,10.724499649999995,12.746836630000011,32.46472239251701,46.35967889999999,51.361829580000006
primary_07,2,B,FIXED_C2,transition,3,45,46,180,60,33.333333333333336,0.660786938888889,2.0423679999999966,3.8109880700000027,11.91796055,14.299862999999997,15.364932820000005,7.501166583333333,16.0912152,17.375389140000003,8.633375433333333,9.968011499999996,11.158534100000015,28.713289505555554,38.597333549999995,39.46747311
primary_07,2,B,FIXED_C2,phase_remainder,3,46,60,2520,816,32.38095238095238,0.5670069634920635,1.8831932499999997,3.480236039999999,11.93395186031746,14.373573699999996,16.679935339999997,7.359662780952381,15.9268415,16.92798943,8.658717031746031,10.008770949999999,11.22921989,28.519338636507936,38.3671345,39.94680408
primary_07,2,B,FIXED_C2,K6_arrival_cohort,,,,5400,1878,34.77777777777778,0.5669865898148149,1.8857251500000003,3.389493020000005,11.994667787222221,14.49561125,16.60470479000001,11.705942815925926,16.73818955,182.54423782000043,8.644912517777778,10.018604300000002,11.23484240000001,32.91250971074074,39.3778543,203.07855144000007
primary_07,2,B,FIXED_C2,K7_arrival_cohort,,,,6300,4554,72.28571428571429,2.877646726349206,3.329901249999999,109.94873655000076,13.807766222698413,17.892772349999994,20.75828355000001,163.17372018063492,342.02790875,348.5573458200001,8.993324233333333,11.940917949999998,14.661288820000001,188.85245736301587,368.05940479999987,380.368827
primary_08,2,B,K_LOOKUP_C2_C4,startup,0,0,1,210,210,100.0,79.7656318952381,224.0043302,233.58645959,29.8075507,36.4885154,266.24582217,159.98349174761904,207.85622930000002,214.1325925,18.086933685714286,22.222403449999998,58.196962199999994,287.6436080285714,340.85202384999997,348.26405548
primary_08,2,B,K_LOOKUP_C2_C4,phase_remainder,0,1,15,2940,1585,53.91156462585034,1.001432975170068,3.2215539499999974,5.848926910000003,13.750535042857143,18.329457899999998,21.57722369000001,20.168899090816325,137.63914844999977,199.49973787000002,15.21397988537415,19.33301855,21.92156666,50.13484699421769,173.90186324999996,231.91946180000005
primary_08,2,B,K_LOOKUP_C2_C4,transition,1,15,16,180,59,32.77777777777778,0.5282323666666667,1.7635674,2.6183722300000047,12.4101643,15.433917999999998,16.296940080000002,7.336462166666667,15.9372165,17.21921775,8.583008099999999,10.11668645,11.369647460000001,28.857866933333334,38.4529515,40.144893780000004
primary_08,2,B,K_LOOKUP_C2_C4,phase_remainder,1,16,30,2520,824,32.698412698412696,0.5681660773809524,1.8589512499999963,3.3227896099999987,12.11488175952381,14.71428125,16.195860889999995,7.340988859126984,15.78879515,16.81042818,8.674507063492063,10.091134349999999,11.608121539999999,28.698543759523808,38.53933785,40.09649391
primary_08,2,B,K_LOOKUP_C2_C4,transition,2,30,31,210,99,47.142857142857146,0.8970465761904762,3.690439349999999,5.209481169999998,13.530035457142858,17.282810199999997,19.34018366,5.659763352380953,16.8832708,18.770646369999998,14.965644533333332,19.915105099999998,22.12005961,35.052489919047616,45.92039669999999,49.40461222
primary_08,2,B,K_LOOKUP_C2_C4,phase_remainder,2,31,45,2940,1379,46.904761904761905,1.0020734792517008,3.3739562499999987,5.147728220000003,13.312904126530611,17.1259192,18.909803960000005,5.651225527551021,15.485194149999998,17.550381129999998,15.105103065306123,19.26022674999999,22.419840270000005,35.071306198639455,45.97516794999999,49.274781890000014
primary_08,2,B,K_LOOKUP_C2_C4,transition,3,45,46,180,58,32.22222222222222,0.5518265611111111,1.7232671499999992,2.5708660500000033,12.022156661111111,14.415837099999996,16.33284267000001,7.354614177777777,15.71469375,16.03691033,8.598001349999999,9.747734449999998,10.770377810000003,28.52659875,38.11253865,38.644570560000005
primary_08,2,B,K_LOOKUP_C2_C4,phase_remainder,3,46,60,2520,807,32.023809523809526,0.5715283853174603,1.9542144499999994,3.369114199999995,12.03554753015873,14.740251349999998,16.418842689999995,7.3080711011904755,15.774161799999996,16.7376695,8.63478561984127,10.014109149999998,11.06909863,28.549932636507936,38.468154850000005,39.647804
primary_08,2,B,K_LOOKUP_C2_C4,K6_arrival_cohort,,,,5400,1748,32.370370370370374,0.5678593801851852,1.9012620000000002,3.294942080000003,12.084611033888889,14.7556683,16.298194770000006,7.325930526296296,15.78490515,16.79825488,8.65037023388889,10.0490499,11.326646970000004,28.62877117425926,38.482176200000005,39.94051986000001
primary_08,2,B,K_LOOKUP_C2_C4,K7_arrival_cohort,,,,6300,3273,51.95238095238095,3.6237256277777776,4.277761099999988,101.71679167000018,14.07419115095238,18.456689449999995,27.569285220000026,17.570833325238095,132.36719279999915,197.83329120000005,15.250657984285715,19.409058599999998,22.389356070000012,50.51940808825397,192.75752439999985,314.13225984000013
primary_09,2,A,FIXED_C4,startup,0,0,1,180,180,100.0,42.98345205555555,166.08190255,176.02817067,26.713330527777774,35.24795174999999,208.12979152,62.36509831666667,98.71190955,106.55286,17.876264255555554,22.05465185,53.02251127,149.93814515555556,254.69923529999997,266.86408466000006
primary_09,2,A,FIXED_C4,phase_remainder,0,1,15,2520,821,32.57936507936508,0.5825414349206349,1.9606866999999994,3.1836257099999985,12.137281562301588,14.663084149999998,16.360619859999993,4.376004238888888,15.2640368,16.9787885,14.198878955952381,18.650727099999997,19.87050951,31.29470619206349,39.04098265,40.50159357
primary_09,2,A,FIXED_C4,transition,1,15,16,210,96,45.714285714285715,1.1414839761904763,3.940738999999999,5.182471009999999,13.552100990476191,17.1860191,20.518490099999998,5.328578380952381,14.37458415,14.997264509999999,14.89842117142857,19.168772499999992,23.165824519999997,34.920584519047615,45.39873439999999,48.89099093
primary_09,2,A,FIXED_C4,phase_remainder,1,16,30,2940,1330,45.23809523809524,0.9806152887755102,3.551386199999999,5.683940840000014,13.330936335714286,17.112730299999996,19.02004212,5.427605258163265,14.927891849999998,16.579133450000004,14.913954802040816,18.79847355,21.02616861,34.65311168469388,45.267545549999994,47.77845473000001
primary_09,2,A,FIXED_C4,transition,2,30,31,180,56,31.11111111111111,0.46399888888888885,1.3187439999999997,1.946534000000003,12.414153877777778,15.169210549999997,15.818392980000002,4.3077918833333335,15.145009449999995,16.64564746000002,14.137199566666666,18.451259299999997,20.19974707,31.323144216666666,38.65863435,40.53943032000001
primary_09,2,A,FIXED_C4,phase_remainder,2,31,45,2520,831,32.976190476190474,0.6284833734126984,2.071723899999993,3.8403919699999984,12.158306161507936,14.849055299999998,16.593053899999997,4.298842382936509,14.97871485,16.753385369999997,14.180995223412697,18.60313075,19.95997384,31.26662714126984,38.90312459999999,40.567539339999996
primary_09,2,A,FIXED_C4,transition,3,45,46,210,94,44.76190476190476,1.0520850380952382,3.87362725,6.2678033300000005,12.866014519047619,15.82792115,17.19560461,5.376595714285714,15.078557299999993,16.94263379,14.854953376190476,19.010983850000002,22.516006069999996,34.149648647619046,44.930089200000005,47.2859751
primary_09,2,A,FIXED_C4,phase_remainder,3,46,60,2940,1321,44.93197278911565,0.958884725170068,3.247996949999997,5.140941520000013,13.199024963945579,16.836988099999996,18.810765370000006,5.456042053061225,15.165784699999998,17.042308460000008,14.86810211462585,18.821517699999998,21.02049129000001,34.48205385680272,44.76247875,47.235048240000005
primary_09,2,A,FIXED_C4,K6_arrival_cohort,,,,5400,1888,34.96296296296296,2.0133932753703703,2.4729139,58.69377597,12.642190417962963,15.547873050000002,25.028949270000005,6.270691430185185,16.154193850000002,82.95433105000001,14.311056744444445,18.73485145,20.258179350000002,35.237331867962965,40.01981925,197.4951776800001
primary_09,2,A,FIXED_C4,K7_arrival_cohort,,,,6300,2841,45.095238095238095,0.9782189736507937,3.451049299999993,5.481679690000004,13.261252456825396,16.94384915,18.951583990000003,5.4358745484126985,15.03385535,16.78151862,14.89007237936508,18.82039725,21.144320470000004,34.56541835825397,45.05423,47.71824176
primary_10,2,B,FIXED_C4,startup,0,0,1,210,210,100.0,32.487047842857145,137.57056544999998,166.30846157,22.481344628571428,51.32380774999996,163.17156497,114.4660875,157.77255334999998,162.43596494,18.072301028571427,23.611911349999982,49.73988644999999,187.506781,255.3721836,266.89779228
primary_10,2,B,FIXED_C4,phase_remainder,0,1,15,2940,1446,49.183673469387756,0.9140836697278911,3.331639299999995,5.433606429999999,13.679367488095238,18.0609392,21.777489890000002,9.318316240816326,41.84224374999969,95.90755229999999,15.013147567006802,19.086982299999995,22.0676211,38.92491496564626,78.09190705,130.70851517000008
primary_10,2,B,FIXED_C4,transition,1,15,16,180,60,33.333333333333336,0.6543349833333333,2.4566014,3.5824984100000017,11.744975083333333,13.8858897,14.832530500000006,4.362990861111111,14.81267925,16.149844210000005,14.207223777777777,18.253748100000003,19.250334000000002,30.969524705555553,38.03371155,40.41251449
primary_10,2,B,FIXED_C4,phase_remainder,1,16,30,2520,830,32.93650793650794,0.5845082801587301,1.944070149999995,3.5075736899999987,12.173879094444445,14.860364899999995,16.15138621,4.2556673837301595,15.047828349999993,16.8105484,14.148530232142857,18.60231475,19.82706274,31.16258499047619,38.87755245,40.45582809999999
primary_10,2,B,FIXED_C4,transition,2,30,31,210,93,44.285714285714285,0.7331431952380952,2.4214960499999973,3.1726362999999997,13.113820109523811,16.6400096,18.597995949999998,5.357791333333333,14.782524449999995,15.5639558,14.960944857142856,18.263584,21.94313834,34.165699495238094,45.16139354999999,47.25637482
primary_10,2,B,FIXED_C4,phase_remainder,2,31,45,2940,1334,45.374149659863946,0.932040775510204,3.3288214499999986,5.1010397600000035,13.30681675170068,16.99849015,19.297981780000015,5.360509008163265,15.123353899999996,17.032519470000004,14.860502909183674,18.873222099999996,21.02002827,34.459869444557825,45.376027349999994,48.35431563
primary_10,2,B,FIXED_C4,transition,3,45,46,180,59,32.77777777777778,0.49732685,1.370086249999992,3.0197966900000033,12.11470583888889,14.9586754,15.68837423,4.160443388888889,14.3242911,16.350489440000008,13.968537927777778,18.166457349999998,19.630295450000002,30.741014005555556,38.5118405,39.381652880000004
primary_10,2,B,FIXED_C4,phase_remainder,3,46,60,2520,812,32.22222222222222,0.5753364285714285,1.8825588499999986,3.3072588399999994,12.134779311904762,14.68747975,16.40629147,4.209138095634921,14.847649549999996,16.3446705,14.068129501984126,18.343185799999997,19.63488002,30.987383338095235,38.743857,40.12560192
primary_10,2,B,FIXED_C4,K6_arrival_cohort,,,,5400,1761,32.611111111111114,0.5796495918518519,1.9038560500000015,3.4459594200000083,12.139363287037037,14.7378706,16.238050630000007,4.234357032037037,14.93905805,16.51741548000001,14.106966599444446,18.44040885,19.755099280000003,31.06033651037037,38.80337815,40.274662580000005
primary_10,2,B,FIXED_C4,K7_arrival_cohort,,,,6300,3083,48.93650793650794,1.9688644423809525,3.7028338499999993,30.121345370000284,13.780058136507936,17.773494449999998,22.174835480000006,10.844247743968253,52.24227514999981,141.35000833000007,15.042145085079364,19.12182304999999,22.055592970000003,41.6353154079365,96.60866354999982,196.95848924
primary_11,2,A,FIXED_C2,startup,0,0,1,180,180,100.0,31.44865233333333,153.80574114999996,169.13571374,20.414277911111114,24.22369249999999,201.88184782,128.09737951666668,183.51971594999998,189.57899254000006,9.935331138888888,13.937218749999998,26.095681510000123,189.89564090000002,264.60829755,272.61317849
primary_11,2,A,FIXED_C2,phase_remainder,0,1,15,2520,876,34.76190476190476,0.5820367706349207,1.8698177999999999,3.1093941999999997,12.050765132142857,14.833160099999994,17.668120769999994,9.265457536904762,17.031176499999994,78.83842529999994,8.660118736507938,10.206589649999996,11.46981855,30.558378176190477,39.43003589999999,102.27462234999996
primary_11,2,A,FIXED_C2,transition,1,15,16,210,92,43.80952380952381,0.7188465571428572,2.5614789,3.8410354499999992,12.865397990476191,16.260447949999993,18.27802804,9.923960561904762,22.409046999999997,23.64243264,8.520901647619048,10.159224499999999,11.267643529999999,32.029106757142856,44.86893635,48.42522166
primary_11,2,A,FIXED_C2,phase_remainder,1,16,30,2940,1273,43.29931972789116,0.6946369959183673,2.4906383999999986,4.20605233000001,12.875537449319728,16.470483899999998,18.550909780000012,9.7260798207483,22.423296949999994,24.21646623,8.506475052040818,10.515142199999998,11.948922320000007,31.80272931802721,44.8813291,48.36239237
primary_11,2,A,FIXED_C2,transition,2,30,31,180,57,31.666666666666668,0.6903589666666666,2.460648649999999,3.3961812700000005,12.131906177777779,14.6203632,17.033623860000002,7.206684583333333,15.629136099999998,16.55656837,8.668829466666667,9.911405199999999,10.387792300000003,28.697779194444443,38.943504299999994,39.52882701
primary_11,2,A,FIXED_C2,phase_remainder,2,31,45,2520,821,32.57936507936508,0.6134037543650793,1.9778431499999978,3.5994694899999997,11.946844786904762,14.40534245,16.49384426,7.365217269444444,15.862785149999999,16.87048216,8.632363082936509,10.0483677,11.272639289999999,28.557828893650793,38.43769135,39.799976799999996
primary_11,2,A,FIXED_C2,transition,3,45,46,210,89,42.38095238095238,0.6502272523809524,2.543225849999998,3.964346309999998,13.04716198095238,16.810165249999997,18.57865133,9.60548501904762,22.46357825,23.55196896,8.505041271428572,10.3520279,13.231833089999997,31.807915523809523,44.968011499999996,48.496619
primary_11,2,A,FIXED_C2,phase_remainder,3,46,60,2940,1281,43.57142857142857,0.710883624829932,2.5092545999999993,4.305394580000001,12.998789992517008,16.9393361,19.00010705000001,9.615070201020409,22.078608049999996,23.80001471000001,8.503448377891157,10.554156749999999,12.23377194,31.828192196258502,44.85441425,48.53382978
primary_11,2,A,FIXED_C2,K6_arrival_cohort,,,,5400,1934,35.81481481481482,1.6291726216666667,2.2351176500000003,16.337702380000433,12.283757431851853,14.920935900000002,17.871995670000008,12.271117046296297,21.27238475000008,150.56216203000028,8.689963535925926,10.205722199999999,11.65317919000001,34.874010635740746,47.49827525000006,215.96330696000004
primary_11,2,A,FIXED_C2,K7_arrival_cohort,,,,6300,2735,43.41269841269841,0.7015454166666666,2.5038204499999983,4.2729520100000045,12.938438138571428,16.71868765,18.73102907,9.67685152952381,22.27328514999999,23.992888290000003,8.505495697936508,10.5283971,12.181920020000002,31.822330782698412,44.8806271,48.52567098
primary_12,2,A,K_LOOKUP_C2_C4,startup,0,0,1,180,180,100.0,55.58494771666667,220.52460784999997,238.95440394,22.375867783333334,21.610037749999986,271.85908862,158.99969749444443,227.24118039999996,234.64814702,9.807987866666668,14.13630765,24.225768830000018,246.7685008611111,316.30780675,325.7397874
primary_12,2,A,K_LOOKUP_C2_C4,phase_remainder,0,1,15,2520,951,37.73809523809524,0.5847991765873015,1.8234287999999972,3.3604616699999994,12.145175512301586,15.605677899999991,18.02462752,13.699163223412699,71.25340729999975,133.70971735,8.724728210714286,10.329787299999996,12.70099595,35.153866123015874,94.45388214999996,158.37414041999997
primary_12,2,A,K_LOOKUP_C2_C4,transition,1,15,16,210,99,47.142857142857146,0.9242172142857144,4.029778149999998,4.92736443,13.123202385714285,17.281169049999995,19.447868529999997,5.527528119047619,15.1862601,17.61373733,15.010030114285716,19.26460644999999,23.734575349999997,34.58497783333333,45.219108599999984,47.96520892
primary_12,2,A,K_LOOKUP_C2_C4,phase_remainder,1,16,30,2940,1318,44.82993197278912,0.9923793598639457,3.342193249999998,5.366096440000003,13.056792405782312,16.557443799999998,18.500228340000007,5.579898800340136,15.490753449999998,17.07283624,15.004105965986396,18.945989849999997,21.2945172,34.63317653197279,45.205702849999994,48.29544139
primary_12,2,A,K_LOOKUP_C2_C4,transition,2,30,31,180,59,32.77777777777778,0.6189028444444444,2.0589538499999995,3.949603700000003,12.314933838888889,15.463270849999999,18.255031560000017,7.180825944444444,16.0030105,16.888141440000002,8.603958372222223,9.802052349999997,11.004074160000004,28.718621,38.62604445,39.6452052
primary_12,2,A,K_LOOKUP_C2_C4,phase_remainder,2,31,45,2520,819,32.5,0.5731358841269841,1.9285265999999954,3.4390301699999983,11.838625301587303,14.315152749999998,16.148411179999997,7.491349932936508,16.107645299999998,17.010665789999997,8.690305886904762,10.06317815,11.25510042,28.593417005555555,38.4058507,39.96334945
primary_12,2,A,K_LOOKUP_C2_C4,transition,3,45,46,210,93,44.285714285714285,0.8924790761904762,2.8927599999999987,3.51591234,12.866463895238097,15.915052949999998,17.02149455,5.500478038095237,14.850318549999999,15.66514434,14.727657680952381,18.183262299999996,19.69743018,33.987078690476196,44.296922949999995,45.122874630000005
primary_12,2,A,K_LOOKUP_C2_C4,phase_remainder,3,46,60,2940,1323,45.0,0.9269998931972789,3.2328725499999993,4.922387340000003,12.938260642517006,16.361143099999996,18.19083804,5.669769592176871,15.535934099999993,16.981368180000004,15.1258162292517,19.052188499999996,20.83740187000001,34.66084635714286,45.461561749999994,47.643344340000006
primary_12,2,A,K_LOOKUP_C2_C4,K6_arrival_cohort,,,,5400,2009,37.2037037037037,2.4138313803703704,2.35672995,77.2372067400006,12.348800433888888,15.1638663,18.063773380000004,15.428256920925927,77.71555515000014,198.52677870000002,8.74074745351852,10.284107650000001,12.359491840000008,38.9316361887037,124.16558040000004,269.6754140100001
primary_12,2,A,K_LOOKUP_C2_C4,K7_arrival_cohort,,,,6300,2833,44.96825396825397,0.9562668611111111,3.278151349999998,5.087252220000005,12.997346965238094,16.50240539999999,18.33501741,5.617445455079365,15.486071549999997,17.02886521,15.051886617619047,18.983004649999998,21.089026810000007,34.62294589904762,45.24599049999999,48.06265055000001
primary_13,3,A,K_LOOKUP_C2_C4,startup,0,0,1,180,180,100.0,30.37007661666667,139.45669184999997,174.66488331000014,21.2900854,32.45623269999987,179.51288824000002,125.49929018888889,173.55970519999997,181.33747950000003,10.191592327777776,14.064706499999998,34.2767242800001,187.35104453333332,263.2094786,307.28959642000007
primary_13,3,A,K_LOOKUP_C2_C4,phase_remainder,0,1,15,2520,872,34.6031746031746,0.5676017781746031,1.8715757499999994,3.415191999999999,12.104313518253969,14.860649249999996,16.569711379999998,9.349732285714285,16.598168699999995,84.89896232999986,8.659103209920636,10.09028615,11.37891548,30.680750792063492,39.43852075,107.75925755999995
primary_13,3,A,K_LOOKUP_C2_C4,transition,1,15,16,210,94,44.76190476190476,0.9040755714285715,3.5059180499999996,4.92003989,13.406882576190476,17.062857,18.82777171,5.43053541904762,14.867056049999997,16.1512337,14.888137852380952,19.003303799999998,21.375029509999997,34.62963141904762,45.43065425,46.92796963
primary_13,3,A,K_LOOKUP_C2_C4,phase_remainder,1,16,30,2940,1341,45.61224489795919,0.898809031972789,3.157326899999999,4.7030717,13.367612454421767,17.006230099999996,18.989049320000003,5.426256587414966,15.111465899999999,16.874283130000006,14.852889052380952,18.887299749999993,21.167066620000003,34.54556712619048,45.1380546,48.08723414000001
primary_13,3,A,K_LOOKUP_C2_C4,transition,2,30,31,180,58,32.22222222222222,0.6068053444444444,1.9844220499999992,3.7514842600000105,12.218340805555556,14.740719149999993,16.183199730000002,7.241539677777777,16.0374412,16.715921070000007,8.618002322222221,9.8199411,10.758663870000005,28.68468815,38.08442975,40.70967516
primary_13,3,A,K_LOOKUP_C2_C4,phase_remainder,2,31,45,2520,815,32.34126984126984,0.5861039095238095,1.8505681999999992,3.2086430899999985,12.088601574206349,14.690699199999996,16.59887329,7.351821171031746,15.807109549999996,16.758631219999998,8.642034474603173,9.9293209,11.215633579999993,28.66856112936508,38.54481465,40.38665804
primary_13,3,A,K_LOOKUP_C2_C4,transition,3,45,46,210,101,48.095238095238095,0.8312553142857143,2.4968403999999977,5.842422759999995,13.489820161904762,17.192616599999997,17.9786113,5.5864383,15.306605999999999,17.21893655,15.055403990476192,19.07656155,21.083495689999996,34.96291776666666,45.0488102,49.20611709999999
primary_13,3,A,K_LOOKUP_C2_C4,phase_remainder,3,46,60,2940,1327,45.136054421768705,0.9412279619047619,3.369116149999995,5.194358670000011,13.218674147619048,16.720134199999997,18.603617590000006,5.501024265646258,15.157857649999997,16.881612490000002,14.988886263265305,18.986714349999993,21.147926300000005,34.64981263843537,45.2820965,47.41733559
primary_13,3,A,K_LOOKUP_C2_C4,K6_arrival_cohort,,,,5400,1925,35.648148148148145,1.5709587196296295,2.1506960500000014,19.794631290000012,12.406974583333334,15.16183125,17.876518430000008,12.218752608703705,19.895668200000017,146.05105242000002,8.700850741111111,10.1374026,11.89830171,34.897536652777774,46.63412355000027,203.83183128000007
primary_13,3,A,K_LOOKUP_C2_C4,K7_arrival_cohort,,,,6300,2863,45.44444444444444,0.9165282933333333,3.2905049999999907,4.971374700000002,13.303490505555555,16.88367999999999,18.750218270000012,5.466630188730159,15.157330099999996,16.89289388,14.924279875396826,18.94648519999999,21.18381782,34.61092886301588,45.22380269999998,47.697599579999995
primary_14,3,B,FIXED_C2,startup,0,0,1,210,210,100.0,37.59540504285714,166.51297379999974,207.32197528,21.187210376190475,31.881916599999887,235.11479974999983,180.5526225952381,238.18467915,244.107255,9.85022182857143,13.521088499999998,19.006303379999995,249.18545984285714,314.7288079,326.07750856
primary_14,3,B,FIXED_C2,phase_remainder,0,1,15,2940,2940,100.0,0.8078376078231293,3.1759270999999965,6.495535650000003,14.252609869727891,18.8740906,21.39963272000002,248.25851124455784,291.62954484999995,299.89660001,9.410615652380953,12.933129949999998,15.766467710000025,272.7295743744898,318.1188849999999,325.82121618
primary_14,3,B,FIXED_C2,transition,1,15,16,180,180,100.0,0.6273884555555556,1.8276166999999948,5.717753210000003,13.939441794444443,18.972989849999998,21.304036340000007,135.3509545277778,208.16221685,216.83446626,9.219509388888888,12.5312534,14.531685020000003,159.13729416666666,229.96329394999998,240.27009460000005
primary_14,3,B,FIXED_C2,phase_remainder,1,16,30,2520,856,33.96825396825397,0.5893386563492063,1.8508133999999996,3.32429042,12.037505475,14.644352749999998,16.54097363,8.112541655555555,16.39517015,37.685252799999944,8.670835119444444,10.066690849999999,11.582644759999997,29.41022090634921,38.9185282,62.90375618999986
primary_14,3,B,FIXED_C2,transition,2,30,31,210,88,41.904761904761905,0.7998491857142858,2.8382427499999943,5.001975289999999,12.7019592,16.606819499999997,18.500164809999998,9.58951182857143,22.098123549999997,23.535484169999997,8.477279076190475,10.257110899999999,11.131476589999998,31.568599290476193,44.3387759,47.00442208
primary_14,3,B,FIXED_C2,phase_remainder,2,31,45,2940,1282,43.605442176870746,0.7085518826530612,2.472906599999997,4.398367110000003,12.88788708367347,16.414381849999998,18.03450644,9.846105011564626,22.590638749999997,24.39098945,8.490214193877552,10.492922349999997,12.133700490000003,31.932758171768707,44.776587199999994,48.55183050000002
primary_14,3,B,FIXED_C2,transition,3,45,46,180,60,33.333333333333336,0.676572088888889,1.8987407999999972,3.1844925700000046,12.074703494444444,14.5750706,15.566029770000004,7.3648991,15.907213650000001,16.746303030000004,8.825064477777778,10.01365995,10.900112040000012,28.941239161111113,38.6871821,39.143160640000005
primary_14,3,B,FIXED_C2,phase_remainder,3,46,60,2520,817,32.42063492063492,0.6086248559523809,1.9332706499999963,3.7318422899999995,12.028656070238094,14.715081799999998,16.713848899999995,7.351354255158729,15.980116549999996,16.96780911,8.65411393968254,10.0163348,11.58982857,28.642749121031745,38.5956761,40.09667322
primary_14,3,B,FIXED_C2,K6_arrival_cohort,,,,5400,1913,35.425925925925924,0.6025149905555556,1.89061255,3.616992770000001,12.098013564074074,14.9022643,16.9744392,11.973679879259258,17.058637000000004,167.20288619000036,8.686462023148147,10.11336625,11.822665460000003,33.36067045703704,40.24699195,190.36038758
primary_14,3,B,FIXED_C2,K7_arrival_cohort,,,,6300,4520,71.74603174603175,1.9874902365079365,3.132253149999998,35.393239750000625,13.79520423079365,18.020718699999993,21.00244952,126.78689206698414,285.3070075,296.94516377,8.964637291746032,11.91035445,14.993407130000005,151.53422382603173,313.73784505000003,324.23804291000005
primary_15,3,B,K_LOOKUP_C2_C4,startup,0,0,1,210,210,100.0,37.973279604761906,146.5728299,173.23343024,23.54035203809524,37.439601499999974,182.5114545,123.91025032857142,164.38826859999998,173.08961256999999,18.133192652380952,23.8055299,49.389785509999975,203.5570746238095,265.62718054999993,285.00151338
primary_15,3,B,K_LOOKUP_C2_C4,phase_remainder,0,1,15,2940,1525,51.87074829931973,1.0214466534013604,3.481902749999997,5.2873459,13.660032089115646,18.454799050000002,22.874092900000033,12.311478774829931,69.1697617,111.9715544800001,15.33763766632653,19.524404649999997,23.604800580000006,42.33059518367347,108.6580527,147.5546223600001
primary_15,3,B,K_LOOKUP_C2_C4,transition,1,15,16,180,60,33.333333333333336,0.5580717111111111,1.7100535499999983,2.982292480000001,12.22099433888889,16.013904399999994,17.507239860000002,7.112966155555555,15.37915445,16.102499530000006,8.716202144444445,10.644705249999998,11.89077206,28.60823435,38.82866249999999,40.44218796
primary_15,3,B,K_LOOKUP_C2_C4,phase_remainder,1,16,30,2520,820,32.53968253968254,0.5604256039682539,1.8708173,3.2072158599999967,12.103786978968254,14.848292149999994,16.55369473,7.414698355952381,15.998022599999997,16.86638068,8.67219278690476,10.023562999999998,10.979059969999998,28.75110372579365,38.66621585,40.19225123
primary_15,3,B,K_LOOKUP_C2_C4,transition,2,30,31,210,106,50.476190476190474,1.1433818857142857,3.5265518999999976,5.35989427,13.604117080952381,17.948022499999997,18.739912370000003,5.836124195238095,15.880669849999991,19.060765099999998,15.306309628571428,20.186328499999995,23.424293309999996,35.88993279047619,47.39765734999999,50.85926279
primary_15,3,B,K_LOOKUP_C2_C4,phase_remainder,2,31,45,2940,1337,45.476190476190474,0.9212213397959184,3.225463999999995,5.0058759400000055,13.28390111802721,17.240458,19.11783949000001,5.531800356802721,15.466564199999999,17.328453890000002,15.012220351360545,19.059690949999997,21.893613830000003,34.749143165986396,45.54351365,48.642264180000005
primary_15,3,B,K_LOOKUP_C2_C4,transition,3,45,46,180,59,32.77777777777778,0.5902647944444445,1.8905325499999992,2.8044628000000045,12.402117055555555,15.865590649999994,16.858224220000007,7.291357327777778,15.8056843,17.035397360000005,8.735506455555557,10.066664949999998,12.204458200000001,29.019245633333334,39.81681305,40.61238798
primary_15,3,B,K_LOOKUP_C2_C4,phase_remainder,3,46,60,2520,815,32.34126984126984,0.5689775480158731,1.9032807499999989,3.3476294499999972,12.009228108730158,14.61759625,16.49606194,7.404071841269841,15.971182199999998,16.792296499999996,8.67176339404762,9.951700149999999,11.315161219999997,28.65404089206349,38.5666006,39.97193874
primary_15,3,B,K_LOOKUP_C2_C4,K6_arrival_cohort,,,,5400,1754,32.48148148148148,0.5653326877777778,1.8855386500000004,3.2942955600000023,12.073510754074075,14.81841885,16.739975270000002,7.395570208148148,15.959477600000001,16.85261977,8.675569837777779,9.999947350000001,11.218201750000006,28.709983487777777,38.63260175,40.2906133
primary_15,3,B,K_LOOKUP_C2_C4,K7_arrival_cohort,,,,6300,3178,50.44444444444444,2.2104671131746034,3.849368949999998,51.31008324000005,13.811984467301587,18.173492249999992,23.540511490000018,12.651742745555556,71.02005454999988,149.1466252600001,15.27791715095238,19.5241997,22.969076930000067,43.95211147698413,118.1730720499998,214.30863062000054
primary_16,3,A,FIXED_C4,startup,0,0,1,180,180,100.0,149.96217943333335,304.68875314999997,319.63754889000006,34.366389894444445,35.823722200000006,352.39948958,102.10329592777778,124.28775525,126.15640344000002,18.0045583,21.740919849999997,60.68219597000002,304.43642355555556,412.19455709999994,432.40589331
primary_16,3,A,FIXED_C4,phase_remainder,0,1,15,2520,895,35.51587301587302,0.9438934035714286,2.38606175,8.038576109999934,12.29220497936508,15.569295399999998,24.228593719999996,7.460706089285715,17.28626194999999,98.89493908,14.38872899563492,18.710408049999995,20.12157876,35.08553346785715,40.97750279999999,150.72736179999976
primary_16,3,A,FIXED_C4,transition,1,15,16,210,101,48.095238095238095,0.8000025095238096,3.010591099999999,5.163423119999997,13.16323671904762,17.19827015,18.80132386,5.73606110952381,15.9349335,17.496190809999998,15.345502580952381,19.507148899999997,21.15291165,35.04480291904762,45.368139299999996,47.95114426999999
primary_16,3,A,FIXED_C4,phase_remainder,1,16,30,2940,1301,44.25170068027211,0.9655549826530613,3.190299,5.112855670000006,13.046824657482993,16.58192335,18.436980520000006,5.567184566326531,15.3754369,16.73277755,14.986378676870748,18.817999199999996,20.526709290000003,34.565942883333335,45.08666884999999,47.80403103000002
primary_16,3,A,FIXED_C4,transition,2,30,31,180,59,32.77777777777778,0.584347438888889,1.9191808999999933,3.00101405,11.950251561111111,14.4480119,16.987248960000002,4.386225222222222,15.19898785,15.946489230000001,14.225378555555556,18.667411100000002,19.78548025,31.146202777777777,38.4392256,39.35598818
primary_16,3,A,FIXED_C4,phase_remainder,2,31,45,2520,832,33.01587301587302,0.6190461158730158,2.025695199999998,3.7447422299999995,11.938298038095237,14.5862401,16.154749889999998,4.41675996031746,15.40120645,16.76750531,14.225573106349206,18.64304205,20.11804041,31.19967722063492,39.0010374,40.51425518
primary_16,3,A,FIXED_C4,transition,3,45,46,210,93,44.285714285714285,0.9561944761904763,3.147746799999997,4.9231469899999984,13.084229928571428,16.8745665,17.979810219999997,5.4525312999999995,15.247981049999998,15.966524949999998,15.14302860952381,19.07102835,21.155086579999995,34.635984314285714,45.7426406,48.55132075
primary_16,3,A,FIXED_C4,phase_remainder,3,46,60,2940,1335,45.40816326530612,0.9761377299319728,3.3444346499999997,5.152031190000004,12.99033424659864,16.515573449999998,18.341625150000002,5.684450642517007,15.4027155,17.425697160000002,15.096870373129253,18.994772999999995,21.908176290000018,34.74779299217687,45.4358194,48.430140700000024
primary_16,3,A,FIXED_C4,K6_arrival_cohort,,,,5400,1966,36.407407407407405,5.747589338148148,3.434653900000002,188.14490803000024,12.851456123333334,16.12724855,29.518689600000005,9.092468194814813,32.84872090000014,112.9803409,14.427672209444445,18.7666326,20.228685420000005,42.11918586574074,72.75374740000025,348.4184003800005
primary_16,3,A,FIXED_C4,K7_arrival_cohort,,,,6300,2830,44.92063492063492,0.9646631653968254,3.2430054,5.140690560000003,13.02558971015873,16.598893999999994,18.40761832000001,5.623716177777777,15.406037099999995,17.029634860000005,15.05513392968254,18.957986849999998,21.036969590000005,34.669102983015875,45.24579005,48.14283352
primary_17,3,B,FIXED_C4,startup,0,0,1,210,210,100.0,65.89095892380952,209.22593859999998,220.615109,28.976593876190478,35.49833605,252.82791321999997,156.89358882380952,201.6292107,207.20792981,17.97008704761905,20.60054029999999,64.49362731999999,269.73122867142854,320.57368485,326.88040147
primary_17,3,B,FIXED_C4,phase_remainder,0,1,15,2940,1575,53.57142857142857,0.9839309908163266,3.459318549999999,5.37198851,13.569751132312925,17.701619449999992,20.22437582,17.4042814122449,116.25834689999999,173.90402796,15.376815528571429,19.578532299999996,22.199834820000014,47.334779063945575,152.25787039999997,207.58010426000004
primary_17,3,B,FIXED_C4,transition,1,15,16,180,59,32.77777777777778,0.5584348388888889,1.3464294499999954,2.482326400000005,12.285082755555555,14.722203899999998,15.534387440000001,4.234151872222222,15.014159999999997,16.509709070000003,14.224713811111112,18.58034665,21.36746963000001,31.302383277777775,39.04116835,40.31701568
primary_17,3,B,FIXED_C4,phase_remainder,1,16,30,2520,828,32.857142857142854,0.58538634484127,1.8910835,3.4199143899999993,12.023205037301587,14.50385015,16.492740669999996,4.390994821031747,15.35233695,16.824197339999998,14.260402986507938,18.6958009,19.789302759999998,31.25998918968254,38.950165299999995,40.239221840000006
primary_17,3,B,FIXED_C4,transition,2,30,31,210,94,44.76190476190476,0.9200046714285715,3.0242867499999995,4.12195706,13.382588747619048,16.93829545,19.148234629999997,5.262445719047619,14.813858499999998,16.22637294,15.07382710952381,18.745846349999997,19.59163932,34.63886624761905,44.517229199999996,46.2834588
primary_17,3,B,FIXED_C4,phase_remainder,2,31,45,2940,1362,46.326530612244895,0.9713402982993197,3.4187305999999964,5.510881720000003,13.304796214625851,17.010625049999998,19.393628010000004,5.546745444217687,15.354185399999997,17.226851600000007,15.058607676530613,19.13438635,21.45438585000002,34.88148963367347,45.73793549999999,48.93726704000001
primary_17,3,B,FIXED_C4,transition,3,45,46,180,57,31.666666666666668,0.5198829833333334,1.6548199499999894,3.075594430000005,12.075047422222223,14.14828655,15.657873690000002,4.4137686,15.078729849999998,15.983770700000003,14.156015766666668,18.193296049999997,19.1278191,31.164714772222222,38.61014185,38.99512
primary_17,3,B,FIXED_C4,phase_remainder,3,46,60,2520,833,33.05555555555556,0.6031683702380953,1.9636952999999977,3.36100433,12.071986116269843,14.666571149999992,16.649804569999997,4.3798103047619055,15.15961885,16.71601187,14.23345252420635,18.55037385,19.86404133,31.28841731547619,39.06614574999999,40.48827963
primary_17,3,B,FIXED_C4,K6_arrival_cohort,,,,5400,1777,32.907407407407405,0.5906027944444445,1.9007752000000002,3.3648447900000082,12.056426877592594,14.608132600000001,16.583144540000013,4.381306407777778,15.23458205,16.726490910000013,14.243156890925926,18.640147900000002,19.85346679,31.271492970740738,38.97955705,40.43817482
primary_17,3,B,FIXED_C4,K7_arrival_cohort,,,,6300,3241,51.44444444444444,3.139492054761905,4.224576899999999,83.43467008000007,13.953428182698412,18.10003984999999,27.606691400000024,16.11568035111111,115.92765859999976,190.74304198000007,15.30466130095238,19.4046576,21.912334280000024,48.51326188952381,174.71568119999984,292.4680195800001
primary_18,3,A,FIXED_C2,startup,0,0,1,180,180,100.0,52.16002114444444,188.88276009999996,208.85723400000003,21.93345115,56.76067784999994,216.02090955,163.1426717111111,227.52015469999995,235.25557788000003,10.315027883333332,13.22468445,36.4238612800001,247.5511718888889,319.61143439999995,322.93831592000004
primary_18,3,A,FIXED_C2,phase_remainder,0,1,15,2520,911,36.15079365079365,0.5866586126984127,2.0038911999999987,3.4790826299999984,12.235585979761904,15.272298049999998,17.138732779999998,11.332471794444444,19.231214249999756,120.6181704299999,8.678395668650793,10.1657779,11.50285826,32.83311205555555,42.96313059999991,145.85885411999993
primary_18,3,A,FIXED_C2,transition,1,15,16,210,90,42.857142857142854,0.6813209142857143,2.0431494,3.733044819999999,12.881606671428571,16.03518325,18.438157309999994,9.5989555,22.238337599999998,23.39891089,8.49112581904762,10.29671245,11.401394739999999,31.653008904761904,44.581260449999995,46.601900289999996
primary_18,3,A,FIXED_C2,phase_remainder,1,16,30,2940,1269,43.16326530612245,0.706410825170068,2.4779176499999984,4.323259620000005,13.09468598707483,16.907986599999997,18.81910628,9.60340211292517,22.07493335,24.173446010000003,8.489851341156463,10.4970947,12.10670642,31.894350266326533,44.89528534999999,47.843828950000024
primary_18,3,A,FIXED_C2,transition,2,30,31,180,60,33.333333333333336,0.5316666,1.8928186999999992,2.519901220000004,12.023294477777776,14.98699835,16.88731109,7.5963023722222225,16.2647288,16.913421879999998,8.831035316666666,9.8955962,10.482709980000003,28.982298766666666,38.56653455,39.66707525
primary_18,3,A,FIXED_C2,phase_remainder,2,31,45,2520,828,32.857142857142854,0.6208929579365079,1.9538998999999992,3.7407584099999993,12.05754543531746,14.659943949999999,16.574562379999996,7.416840326984127,15.926092299999997,16.979536059999997,8.638667153174604,10.12522905,11.21438096,28.733945873412697,38.5699901,40.07952649
primary_18,3,A,FIXED_C2,transition,3,45,46,210,90,42.857142857142854,0.7697121666666666,2.5164986,4.121035089999999,13.036224514285713,16.7258134,18.06272025,9.471196504761904,22.353452649999994,23.605559789999997,8.432279066666666,10.283292699999999,11.22116904,31.709412252380954,44.4271046,46.691850159999994
primary_18,3,A,FIXED_C2,phase_remainder,3,46,60,2940,1282,43.605442176870746,0.7151801455782313,2.628008099999996,4.515892420000008,12.926416880952381,16.54132785,18.68972202000001,9.793391461904763,22.602269349999997,24.50178359,8.526576798639455,10.611144399999999,12.2005754,31.96156528707483,45.074714549999996,48.95006400000001
primary_18,3,A,FIXED_C2,K6_arrival_cohort,,,,5400,1979,36.648148148148145,2.3199136577777777,2.3960942000000007,79.27675010000024,12.468686181296297,15.1481035,17.49941437,14.44097812611111,52.91227740000022,193.67898863000005,8.719498090185185,10.2653157,11.77134286,37.94907605537037,80.50530770000002,290.1042073300001
primary_18,3,A,FIXED_C2,K7_arrival_cohort,,,,6300,2731,43.34920634920635,0.711776889047619,2.5643737499999957,4.45007483,13.007109044603174,16.699399,18.7953845,9.687508735079366,22.384726749999988,24.28900901,8.505113294761905,10.517112099999999,12.105073220000001,31.911507963492063,44.955262149999996,48.412553079999995
primary_19,4,B,K_LOOKUP_C2_C4,startup,0,0,1,210,210,100.0,36.39191146666667,169.38531609999976,215.13144855999997,22.556667452380953,34.502201599999964,235.77108327999977,124.93326066190477,163.99109025,168.70758709999998,17.992604709523807,21.645264749999992,55.15716044,201.8744442904762,303.6899122999999,326.08717101999997
primary_19,4,B,K_LOOKUP_C2_C4,phase_remainder,0,1,15,2940,1756,59.72789115646258,1.0929233547619048,4.1444347,7.06129078,15.070061165306123,19.5821221,21.6728175,10.52699205340136,55.146479799999916,108.02017573,15.606404987414965,20.606663749999992,24.64278381,42.296381560884356,89.88425979999995,140.94804360000003
primary_19,4,B,K_LOOKUP_C2_C4,transition,1,15,16,180,62,34.44444444444444,0.6831277555555556,2.9805876499999937,4.117184620000005,13.964536111111112,16.934295949999996,18.0971187,6.90763495,14.87590375,16.678861780000005,8.861279455555556,10.401705099999997,11.553362970000002,30.41657827222222,40.83528955,42.218868060000005
primary_19,4,B,K_LOOKUP_C2_C4,phase_remainder,1,16,30,2520,847,33.611111111111114,0.6461484234126984,2.3878445499999987,4.914867779999993,13.770198683333334,17.65982565,19.434398599999998,6.901776823412699,15.301604399999999,16.756622189999998,8.954504853571429,10.91553565,12.143225509999995,30.27262878373016,40.828010799999994,42.49453360999999
primary_19,4,B,K_LOOKUP_C2_C4,transition,2,30,31,210,128,60.95238095238095,1.0907116285714287,4.163390549999995,7.544736019999998,14.982917142857143,19.177989,20.533114519999998,6.056480204761905,16.440569649999997,18.91702458,15.715825676190477,20.70592275,24.45734952,37.84593465238095,49.6228486,53.256137439999996
primary_19,4,B,K_LOOKUP_C2_C4,phase_remainder,2,31,45,2940,1690,57.48299319727891,1.0561159149659864,4.3615160999999985,6.957593910000008,15.20351335612245,19.726148849999994,21.758578280000002,5.670943532312925,16.1493578,19.386235980000006,15.535952347619048,20.930110649999992,24.789158070000006,37.466525151020406,48.50792655,54.800312350000006
primary_19,4,B,K_LOOKUP_C2_C4,transition,3,45,46,180,60,33.333333333333336,0.6401365222222222,1.8941948499999988,3.873131650000005,13.802951316666666,17.6179192,18.927826390000003,6.807621833333333,14.7450432,16.242931350000003,8.862480555555557,10.1188507,11.275911850000002,30.11319022777778,40.649066049999995,41.71320165
primary_19,4,B,K_LOOKUP_C2_C4,phase_remainder,3,46,60,2520,846,33.57142857142857,0.6329027634920635,2.2606491999999996,5.207554729999994,13.780197755555555,17.63113275,19.441314549999998,6.687713579365079,15.232236249999996,16.57001257,8.921444770238097,10.9892273,12.237757739999997,30.022258868650795,40.690742199999995,41.93902026
primary_19,4,B,K_LOOKUP_C2_C4,K6_arrival_cohort,,,,5400,1815,33.611111111111114,0.6409993631481482,2.369352400000003,4.966975840000001,13.782434585740742,17.6256205,19.421070600000004,6.798937414074074,15.242732850000001,16.68033172,8.932901824814815,10.9294335,12.178854680000004,30.155273187777777,40.75677245,42.20212241000001
primary_19,4,B,K_LOOKUP_C2_C4,K7_arrival_cohort,,,,6300,3784,60.06349206349206,2.2523057623809524,4.862489549999989,41.379317360000016,15.378987596507937,19.822685649999997,22.503239150000013,11.925361302222223,62.01444489999988,153.60357789000003,15.656714435873017,20.78388955,24.724066810000004,45.213369096984124,108.89462424999988,205.22966013000016
primary_20,4,A,FIXED_C4,startup,0,0,1,180,180,100.0,48.12881081111111,195.6526285999999,211.91457841000002,23.69507516666667,32.731356999999974,242.31824971000003,104.27616213888889,159.95147015,165.83573127,18.279352322222223,24.1656993,42.64506404000006,194.37940043888887,289.31296089999995,298.38280212
primary_20,4,A,FIXED_C4,phase_remainder,0,1,15,2520,857,34.007936507936506,0.609697778968254,2.1663185499999913,3.586108999999999,12.123336891666668,15.104791749999997,17.47105502999999,4.88982793531746,15.610723399999998,31.071299549999793,14.30682407936508,18.8330235,20.403577999999996,31.92968668531746,39.61148815,61.48229893
primary_20,4,A,FIXED_C4,transition,1,15,16,210,107,50.95238095238095,0.8182133285714286,2.3825208499999992,4.8609211399999985,13.612811642857144,17.811590249999995,21.065973439999993,5.6703412095238095,16.1598809,19.35717075,15.247349257142856,20.018685149999996,22.995007440000002,35.34871543809524,46.91344275,50.536665670000005
primary_20,4,A,FIXED_C4,phase_remainder,1,16,30,2940,1326,45.10204081632653,0.9674141129251701,3.359416349999997,4.826922570000001,13.129993995918367,16.676854549999998,18.744330120000004,5.593283321088435,15.34259955,17.297464870000006,15.111281932312924,19.0508812,20.88252861,34.801973362244894,45.6006826,48.1179921
primary_20,4,A,FIXED_C4,transition,2,30,31,180,64,35.55555555555556,0.7023765722222223,2.9893950999999976,3.9647947400000025,12.466397572222222,15.668640249999994,17.49244067,4.407729138888889,15.026310649999996,16.78571025,14.437306638888888,18.726768299999996,19.80655216000001,32.01380992222222,40.899446049999995,42.61271102000001
primary_20,4,A,FIXED_C4,phase_remainder,2,31,45,2520,836,33.17460317460318,0.6344770357142857,2.144103049999996,3.6687353699999967,12.021453437698412,14.546119749999999,16.384719559999997,4.390398777777778,15.162075699999999,16.91326939,14.225969515873016,18.767417999999996,20.01610502,31.27229876706349,38.9422114,40.90076783999999
primary_20,4,A,FIXED_C4,transition,3,45,46,210,91,43.333333333333336,1.0727150428571428,3.4602667999999976,6.097542949999995,12.803195061904763,16.334486999999996,17.309611559999997,5.6554128,15.461604099999997,17.94112758,15.242855819047618,19.09617109999999,20.74383275,34.77417872380953,45.0033711,46.69848015
primary_20,4,A,FIXED_C4,phase_remainder,3,46,60,2940,1331,45.27210884353742,0.9597348965986394,3.2233077499999987,5.030356500000002,12.972778875510205,16.469235299999998,18.606260930000012,5.663006486054422,15.384856899999996,17.549940290000006,15.122389448639456,19.22810865,21.40090270000001,34.71790970680272,45.72214055,47.96535200000001
primary_20,4,A,FIXED_C4,K6_arrival_cohort,,,,5400,1937,35.870370370370374,2.2083211596296293,2.4542898500000008,62.91940597000027,12.472951244999999,15.344264100000002,19.81790298,7.953568842037037,16.77440795,138.25318146000018,14.405858976481483,19.0293598,20.662362000000005,37.04070022314814,40.92185100000001,238.45970907000003
primary_20,4,A,FIXED_C4,K7_arrival_cohort,,,,6300,2855,45.317460317460316,0.9623671501587301,3.2930708999999965,4.97519424,13.061827563492063,16.620070999999996,18.72809257,5.630460376984127,15.423141599999992,17.56028453,15.125386813650794,19.148850399999997,21.16167334,34.78004190428572,45.665420399999995,48.12875485000001
primary_21,4,B,FIXED_C4,startup,0,0,1,210,210,100.0,24.0345148,105.00486615,153.93523026999998,21.37107436666667,40.696290999999945,143.89817283,104.94920891904762,142.46094904999998,148.27199445,18.12369862857143,22.895574849999996,58.35789369999999,168.4784967142857,223.00606645,280.75400638
primary_21,4,B,FIXED_C4,phase_remainder,0,1,15,2940,1449,49.285714285714285,1.0058315608843538,3.4255622499999965,5.603131390000006,13.483377564965986,17.598056299999996,20.373684570000016,8.284353063265305,27.682021149999784,72.98262008000005,15.162307024829932,19.351918449999996,22.303481680000008,37.93586921394557,63.15859994999999,109.05052819000011
primary_21,4,B,FIXED_C4,transition,1,15,16,180,59,32.77777777777778,0.8043733333333334,3.0577375499999984,4.53750033,12.205268666666665,15.55125445,17.230646000000004,4.281199805555556,15.048247499999993,17.244061310000014,14.30953993888889,19.0200108,19.70355692,31.600381744444444,39.22256685,41.11225021
primary_21,4,B,FIXED_C4,phase_remainder,1,16,30,2520,825,32.73809523809524,0.596806059920635,1.9781199999999997,3.2269844699999988,12.069817206746032,14.707327499999998,16.635079809999997,4.377788903571429,15.219934799999999,16.49541215,14.222817797222223,18.54979295,19.894726809999995,31.267229967460317,38.991371,40.93770003
primary_21,4,B,FIXED_C4,transition,2,30,31,210,94,44.76190476190476,0.8789313000000001,3.2901491999999997,4.17134889,13.412216642857144,16.72555215,19.887442849999996,5.598651261904762,15.2400275,16.89651824,14.94100871904762,19.200489799999996,20.744418189999998,34.83080792380952,45.3363434,48.0410348
primary_21,4,B,FIXED_C4,phase_remainder,2,31,45,2940,1363,46.36054421768708,0.907986125170068,3.1638427499999997,4.7476330000000075,13.239637205782312,16.8624507,18.892857300000014,5.726628441156463,15.6432986,18.176356310000003,15.117478181632652,19.227510849999994,22.14296066,34.9917299537415,45.7977216,50.66482343000004
primary_21,4,B,FIXED_C4,transition,3,45,46,180,64,35.55555555555556,0.73801565,2.96388085,5.1581423,11.830473822222222,14.198498299999999,18.28747459000001,4.645365161111111,15.050860649999995,16.626797680000024,14.413675972222222,18.90806035,21.066977790000003,31.627530605555556,39.126277449999996,41.62112607000005
primary_21,4,B,FIXED_C4,phase_remainder,3,46,60,2520,831,32.976190476190474,0.5845361738095238,2.0164629499999913,3.4117397299999994,11.986790646031746,14.5317563,16.23220597,4.483928325793651,15.321157099999995,16.739237019999997,14.288064690079365,18.714121099999996,19.702540550000002,31.343319835714283,38.9230936,40.30736228
primary_21,4,B,FIXED_C4,K6_arrival_cohort,,,,5400,1779,32.94444444444444,0.6027060085185185,2.0691273,3.4465787100000003,12.027608414259259,14.6415574,16.55054397,4.433020205925926,15.285916,16.68253242,14.262519024444444,18.6689487,19.841483420000003,31.325853653148148,38.9802582,40.638596230000005
primary_21,4,B,FIXED_C4,K7_arrival_cohort,,,,6300,3116,49.46031746031746,1.7235631234920634,3.6127268,17.571166900000087,13.630183259999999,17.546268799999996,21.353578670000005,10.223386708095237,44.39665274999983,124.26722319000002,15.23272334126984,19.3919558,22.404240800000007,40.80985643285714,80.57142229999987,179.01223223000014
primary_22,4,A,FIXED_C2,startup,0,0,1,180,180,100.0,34.56713328888889,151.63481629999998,181.76863626000002,20.880553716666665,41.94853374999971,181.49918241000003,117.05147566666668,170.5791839,178.82292632,10.197231794444443,14.86745034999999,21.91979680000017,182.69639446666667,263.39569439999997,272.78389796000005
primary_22,4,A,FIXED_C2,phase_remainder,0,1,15,2520,887,35.198412698412696,0.5703038912698413,1.8425516,3.512297429999999,12.16523606468254,14.97971565,17.18077813,9.925496644444445,17.141828199999996,83.93723424999999,8.660856443253968,10.02973145,11.44639534,31.321893043650796,40.02352934999999,112.84691628
primary_22,4,A,FIXED_C2,transition,1,15,16,210,91,43.333333333333336,0.7396689714285714,2.573721899999998,4.599638329999995,13.248462961904762,17.461230549999996,19.02887145,9.568849642857144,21.97090865,24.569074609999994,8.626330895238096,10.793077199999999,13.221703839999998,32.18331247142857,45.643239449999996,48.18049636
primary_22,4,A,FIXED_C2,phase_remainder,1,16,30,2940,1303,44.31972789115646,0.7026524731292517,2.5977263499999994,4.354554270000003,13.055214853741496,16.799041699999993,19.069988880000015,9.952862016666668,22.62221414999999,24.851069270000004,8.519020204081633,10.506284799999996,12.192672800000004,32.22974954761905,45.46656994999999,49.96961563
primary_22,4,A,FIXED_C2,transition,2,30,31,180,58,32.22222222222222,0.6059165444444444,1.981055349999999,2.917478200000001,12.239473077777777,15.47437705,17.28225958,7.215590355555555,15.796307199999998,17.240271950000004,8.582044194444444,10.06103165,11.793707760000002,28.643024172222223,38.17324979999999,40.59328366000002
primary_22,4,A,FIXED_C2,phase_remainder,2,31,45,2520,827,32.817460317460316,0.6060489468253969,1.9843325,3.5659382199999947,12.142286111111112,14.862860149999996,16.33118385,7.415598724603174,15.862986299999998,16.9949324,8.659984668253967,10.1093903,11.20373809,28.82391845079365,38.59079275,40.24878382
primary_22,4,A,FIXED_C2,transition,3,45,46,210,89,42.38095238095238,0.6737485809523809,2.021834899999999,3.3752172699999994,12.937204004761904,16.487615299999998,17.517322309999997,9.516433823809523,22.360438549999998,24.01662993,8.502318047619049,10.866037949999999,12.056292580000001,31.629704457142857,45.145281450000006,47.47641884
primary_22,4,A,FIXED_C2,phase_remainder,3,46,60,2940,1262,42.925170068027214,0.6919354751700679,2.5317594499999974,4.08881381,12.943055770748298,16.6385884,18.510115380000002,9.577935554421769,22.167021699999996,24.208723320000004,8.4751741792517,10.518412749999998,12.313910250000001,31.688100979591834,44.7706176,47.67609608000001
primary_22,4,A,FIXED_C2,K6_arrival_cohort,,,,5400,1952,36.148148148148145,1.7213996522222221,2.26957455,30.258198430000512,12.447511241851851,15.1558019,18.150940110000008,12.234746706296297,34.51873815000014,141.75235904000002,8.709035051666666,10.2182476,11.97093489,35.11269265203704,59.7891844500007,199.37785712000039
primary_22,4,A,FIXED_C2,K7_arrival_cohort,,,,6300,2745,43.57142857142857,0.6979216276190476,2.5570937499999986,4.142245090000004,13.005381856984128,16.74911075,18.701779180000006,9.750548315396825,22.396489,24.542296710000002,8.50157901031746,10.5475575,12.286955920000004,31.95543081031746,45.1053917,48.81939579000001
primary_23,4,A,K_LOOKUP_C2_C4,startup,0,0,1,180,180,100.0,45.381361950000006,189.88041554999998,205.71579716,21.73787325,23.16868315,238.60037844,164.8485165777778,225.11738485,234.03875327000003,10.032697672222223,14.17511189999998,26.3676529600001,242.00044945,306.09685734999994,316.76358728
primary_23,4,A,K_LOOKUP_C2_C4,phase_remainder,0,1,15,2520,929,36.86507936507937,0.5845179468253968,2.0575562499999913,3.6799458299999994,12.347827281349206,15.78346619999999,18.476345619999993,12.45650600079365,51.1687989,130.11024971999998,8.680389582539684,10.2992563,12.344200809999995,34.06924081150793,79.89191449999967,154.55357992999996
primary_23,4,A,K_LOOKUP_C2_C4,transition,1,15,16,210,103,49.04761904761905,1.1180426047619048,3.5073230499999988,5.30158323,13.456722104761903,17.31478175,18.608043690000002,5.633270604761905,15.82187025,17.26644838,15.199593966666667,20.76216295,23.194213140000002,35.40762928095238,45.93230145,48.79028216
primary_23,4,A,K_LOOKUP_C2_C4,phase_remainder,1,16,30,2940,1346,45.78231292517007,0.9803317823129252,3.511304049999998,5.3724725,13.332802282653061,16.9817944,18.70327316,5.508395861904762,15.267080499999999,17.192399110000004,14.98119382244898,18.971607849999998,21.576148140000008,34.802723749319725,45.4749927,48.02052750000001
primary_23,4,A,K_LOOKUP_C2_C4,transition,2,30,31,180,59,32.77777777777778,0.6349471944444445,2.2938424499999956,3.4540558200000104,12.2051871,14.372200599999998,15.553322750000023,7.404804211111111,15.67689985,16.743546150000004,8.803941861111111,9.936035299999999,10.739024440000009,29.048880366666666,38.75544005,41.015368050000006
primary_23,4,A,K_LOOKUP_C2_C4,phase_remainder,2,31,45,2520,823,32.65873015873016,0.5892820115079365,1.836397149999994,3.3077510899999996,12.207197947222221,14.997146099999998,16.857366329999998,7.33848979484127,15.8028735,16.89840886,8.66637604484127,10.007075299999999,11.19546927,28.8013457984127,38.832342700000005,40.31362035
primary_23,4,A,K_LOOKUP_C2_C4,transition,3,45,46,210,97,46.19047619047619,0.891580080952381,3.4309765999999975,5.1877343599999985,13.021996780952382,15.62885545,17.34767338,5.401072176190476,15.8843233,17.33316,14.883857471428572,18.97429049999999,20.98801809,34.19850650952381,44.94663475,48.247260919999995
primary_23,4,A,K_LOOKUP_C2_C4,phase_remainder,3,46,60,2940,1329,45.204081632653065,0.9967757465986394,3.414498399999999,5.2852227600000035,13.255614888095238,16.72622125,18.60004169000001,5.538927575170068,15.294805599999998,16.872586690000006,15.01572379829932,19.034455,21.72409456,34.807042008163265,45.5985095,47.69859153
primary_23,4,A,K_LOOKUP_C2_C4,K6_arrival_cohort,,,,5400,1991,36.870370370370374,2.0816502853703702,2.3591721500000005,61.40663818000039,12.590447118333334,15.6199212,18.591562270000004,14.97944206425926,67.71198285000028,200.01698080000006,8.723045277222221,10.2742654,12.241037500000004,38.37458474518518,103.3595385500001,270.3218052600002
primary_23,4,A,K_LOOKUP_C2_C4,K7_arrival_cohort,,,,6300,2875,45.63492063492063,0.989637603015873,3.480915949999996,5.321170110000003,13.290551975873015,16.851067549999993,18.65175288000001,5.52322903,15.315371949999998,17.072922590000005,15.00134327095238,19.038036949999995,21.70828905,34.804761879841266,45.52643655,47.946509060000004
primary_24,4,B,FIXED_C2,startup,0,0,1,210,210,100.0,26.059611352380955,131.3961959499999,160.45453935999998,20.74693526190476,25.08181619999999,189.94112479999998,177.3495726238095,223.83308495,229.44951107,10.054672161904762,13.984510749999991,26.638683819999997,234.2107914,264.2998388,307.1590382
primary_24,4,B,FIXED_C2,phase_remainder,0,1,15,2940,2940,100.0,0.8118114523809524,3.4202310499999995,6.3063533400000065,14.544509595918367,19.204311899999997,22.060194930000016,234.73886872755102,258.1768429,268.67500718,9.431792745238095,13.186633299999999,15.570447850000003,259.5269825210884,284.95260955000003,294.27931196000003
primary_24,4,B,FIXED_C2,transition,1,15,16,180,180,100.0,0.5965192888888889,2.1718277499999985,4.765073400000004,13.746163005555555,18.399661049999995,20.36596949000001,153.19924187777778,221.21912709999998,233.4750308,9.316944188888888,13.409748849999996,14.659393770000001,176.8588683611111,240.2229291999999,254.73391336
primary_24,4,B,FIXED_C2,phase_remainder,1,16,30,2520,891,35.357142857142854,0.6455838940476191,2.9971425999999988,4.965688809999998,13.732315415079364,17.388709300000002,19.350698839999996,8.043541442460317,15.982771899999998,59.33916553999999,8.868241441269841,10.91416585,12.810340969999999,31.289682192857143,41.43140209999999,82.75069989
primary_24,4,B,FIXED_C2,transition,2,30,31,210,104,49.523809523809526,0.8053603142857143,3.3040400999999906,5.525998729999998,14.9252295,19.47056195,20.68750947,10.44949226190476,23.10696625,24.49355096,9.041923557142857,12.434093599999994,13.52399152,35.22200563333333,50.03523929999999,52.88314034
primary_24,4,B,FIXED_C2,phase_remainder,2,31,45,2940,1400,47.61904761904762,0.715152799319728,2.5628246999999984,4.371698050000001,13.332030005442176,17.396052049999994,19.514699430000004,11.048515018707482,25.123636149999985,40.18760353000004,8.619113895918368,10.942131550000001,12.77645549000001,33.714811719387754,50.865109600000004,65.40368820000002
primary_24,4,B,FIXED_C2,transition,3,45,46,180,54,30.0,0.5764798055555556,1.8267926999999995,2.98488065,11.925441861111112,14.384941999999999,15.209248930000001,7.1248917,15.40827335,16.595896890000002,8.476681127777777,9.727924849999999,10.45228585,28.103494494444444,37.68731835,38.82339146000002
primary_24,4,B,FIXED_C2,phase_remainder,3,46,60,2520,811,32.182539682539684,0.542687815873016,1.8461612499999986,3.181039029999998,11.93792612936508,14.537018249999997,16.033920019999996,7.2331738238095244,15.733532799999999,16.58106357,8.638044529761904,10.041667499999997,11.149865299999998,28.351832298809526,38.278843450000004,39.6036506
primary_24,4,B,FIXED_C2,K6_arrival_cohort,,,,5400,1936,35.851851851851855,0.5936267677777778,2.1978643500000006,4.3175055400000035,12.835166216296297,16.671186900000002,18.5246645,12.473271576851852,17.138046000000006,182.3890489900001,8.762720963703703,10.5663841,12.29474922000001,34.66478552462963,42.78967935000001,203.93120223000022
primary_24,4,B,FIXED_C2,K7_arrival_cohort,,,,6300,4654,73.87301587301587,1.6080823730158729,3.446076199999995,10.288855990000146,14.198123972698413,18.71595395,21.604959410000006,120.96074791111111,252.4035912,265.22619641,9.060309623174604,12.317861449999997,14.856597650000001,145.82726388,280.17582834999996,291.60601787
primary_25,5,A,FIXED_C2,startup,0,0,1,180,180,100.0,32.151263138888886,145.67568229999998,162.7342892300001,20.902591122222223,35.41734054999997,185.23896640000004,129.15425219444444,177.53795269999995,185.43961671,10.19324426111111,13.78174025,36.50625647000009,192.40135071666666,273.30433624999995,285.94490067000004
primary_25,5,A,FIXED_C2,phase_remainder,0,1,15,2520,920,36.507936507936506,0.549681811904762,1.8244444499999997,3.3181191099999996,12.369488679761906,15.779439,18.621581389999996,10.922962248809524,44.61922329999985,91.62977683999999,8.676353352380952,10.2880647,12.116593129999993,32.51848609285714,69.21838589999986,118.98640285999998
primary_25,5,A,FIXED_C2,transition,1,15,16,210,95,45.23809523809524,0.6242425904761905,1.987989599999998,2.8852312699999993,13.346267690476191,17.67704165,19.70901495,9.793897009523809,22.16704965,24.284391959999997,8.67313488095238,11.314510899999997,13.301059679999996,32.437542171428575,46.309167249999994,50.13416598
primary_25,5,A,FIXED_C2,phase_remainder,1,16,30,2940,1285,43.70748299319728,0.7082359414965986,2.6180765999999984,4.5516166200000026,13.168430287755102,16.869599349999998,18.941321650000003,9.683155559183675,22.102734899999998,24.119643670000002,8.557752414285714,10.67039805,12.371386740000005,32.11757420272109,45.4987942,49.196738759999995
primary_25,5,A,FIXED_C2,transition,2,30,31,180,60,33.333333333333336,0.5288005055555556,1.7764314499999998,3.231272910000003,12.189937733333332,15.002673949999998,17.126853960000002,7.2841804055555555,15.546160449999999,16.60041998,8.595277,9.768368549999998,10.309953720000005,28.598195644444445,38.369015700000006,39.493164900000004
primary_25,5,A,FIXED_C2,phase_remainder,2,31,45,2520,811,32.182539682539684,0.5963660321428571,1.8901869499999993,3.3664185199999945,12.105499956349208,14.74397305,16.56249354,7.215008739682539,15.676441399999998,16.727820089999998,8.638771444444444,10.072307899999998,11.338613639999998,28.55564617261905,38.39731215,39.998131740000005
primary_25,5,A,FIXED_C2,transition,3,45,46,210,90,42.857142857142854,0.7580761,2.6212093499999987,5.168807129999998,13.130105476190476,16.95907695,18.10857381,9.510709280952382,22.2204,23.92243012,8.41462800952381,10.06838965,11.400205049999999,31.813518866666666,44.11214365,47.97562783
primary_25,5,A,FIXED_C2,phase_remainder,3,46,60,2940,1345,45.74829931972789,0.7453609887755103,2.727755699999999,5.329210110000002,13.59408775952381,17.9253026,20.03831775,10.000117670408164,22.466423199999998,25.951100480000054,8.662980167687076,11.31030695,13.296979000000011,33.00254658639456,47.6059835,52.11711996000001
primary_25,5,A,FIXED_C2,K6_arrival_cohort,,,,5400,1971,36.5,1.624157782037037,2.175416350000002,23.306377300001,12.524745658703704,15.614556150000002,18.750614790000014,13.012334214629629,62.661621350000004,148.17987296000013,8.706675613888889,10.296320450000001,12.245400810000003,35.86791326925926,91.41388825000024,212.74836378000032
primary_25,5,A,FIXED_C2,K7_arrival_cohort,,,,6300,2815,44.682539682539684,0.7244225238095238,2.6335796999999954,4.93099307000001,13.371720860952381,17.437384799999997,19.50542137,9.829014383492064,22.248974949999994,24.810809120000016,8.605933967936508,10.965820599999994,12.824124820000005,32.531091736190476,46.47651655,50.78853752000001
primary_26,5,A,K_LOOKUP_C2_C4,startup,0,0,1,180,180,100.0,34.04525445,157.74985354999998,190.28550661000006,20.553707305555555,23.023256449999963,223.06747653000005,127.15396551666666,186.18889049999996,194.66312383000002,9.921932416666666,14.527660599999997,32.741904900000065,191.6748596888889,280.17514235,304.46280664000005
primary_26,5,A,K_LOOKUP_C2_C4,phase_remainder,0,1,15,2520,872,34.6031746031746,0.5920485130952381,1.9689052999999994,3.5013297299999993,12.067587264682539,15.009180299999999,17.360717429999994,9.264016090079366,16.793542099999996,75.19972449999997,8.665788970238095,10.049514899999997,11.438016279999998,30.589440838095236,39.448305600000005,98.50439492999998
primary_26,5,A,K_LOOKUP_C2_C4,transition,1,15,16,210,93,44.285714285714285,0.963796380952381,3.143544799999994,6.461142819999995,13.23676539047619,16.741577449999998,18.86343265,5.317073423809524,14.671094649999992,16.96415588,15.009447309523809,18.90528965,21.632079649999998,34.52708250476191,45.81639925,47.74449742
primary_26,5,A,K_LOOKUP_C2_C4,phase_remainder,1,16,30,2940,1339,45.54421768707483,0.9782497360544218,3.2534040499999985,5.09384873,13.14500788639456,16.932448249999993,18.917865840000005,5.5085943799319725,15.4833208,17.164796690000003,15.029188024829931,19.1371239,21.363835440000003,34.66104002721088,45.44944164999999,48.28771255
primary_26,5,A,K_LOOKUP_C2_C4,transition,2,30,31,180,60,33.333333333333336,0.553177561111111,1.7113660499999996,3.850853410000001,12.170149633333333,15.635853099999999,16.90581834,7.2889891166666665,15.690367249999994,16.92409777,8.66032851111111,10.076817949999993,10.964322120000002,28.67264482222222,38.463689249999995,39.3458549
primary_26,5,A,K_LOOKUP_C2_C4,phase_remainder,2,31,45,2520,816,32.38095238095238,0.5991514595238094,1.888653949999998,3.8609081999999995,12.007506822619048,14.530914249999997,16.33254246,7.42736276468254,16.0447149,17.08156773,8.692555003968254,10.071012499999998,11.349238749999998,28.72657605079365,38.745163850000004,40.67260966
primary_26,5,A,K_LOOKUP_C2_C4,transition,3,45,46,210,93,44.285714285714285,0.8609077904761905,3.4625751499999984,5.848608399999999,12.692921419047618,15.796448749999996,17.44379173,5.159362176190476,15.039820549999996,17.492353119999997,14.544104638095238,19.041668499999997,21.537724899999997,33.25729602380952,43.208241,46.87195019
primary_26,5,A,K_LOOKUP_C2_C4,phase_remainder,3,46,60,2940,1327,45.136054421768705,0.9577898139455782,3.4482942999999993,4.986797850000008,13.089344391156462,16.80974025,18.729810420000014,5.666512782312925,15.5587715,17.306255900000004,15.099652346258503,19.12711725,21.183955510000004,34.81329933367347,45.53342599999999,48.62357123000001
primary_26,5,A,K_LOOKUP_C2_C4,K6_arrival_cohort,,,,5400,1928,35.7037037037037,1.7091743875925924,2.139437550000002,20.92082696000018,12.325839138703705,15.02940055,17.84571423,12.270741953333333,19.687493300000057,150.96829516000003,8.719969218888888,10.17403285,11.885370590000006,35.02572469851852,47.545508950000084,217.13288484000017
primary_26,5,A,K_LOOKUP_C2_C4,K7_arrival_cohort,,,,6300,2852,45.26984126984127,0.9643085957142857,3.3696019999999933,5.14174748,13.107020623174604,16.833372199999996,18.8096953,5.564264529047619,15.5314537,17.237944940000002,15.045243904761906,19.1327411,21.37044164,34.680837652698415,45.52523409999999,48.32880964
primary_27,5,B,FIXED_C2,startup,0,0,1,210,210,100.0,76.7067352,236.65916374999998,250.63899517999997,25.42050234761905,26.747042799999996,283.48480478,284.25912918095236,388.21066785000005,392.12557025,10.3397425,15.337661549999991,19.145573049999996,396.72610922857143,430.3706555,447.35140125
primary_27,5,B,FIXED_C2,phase_remainder,0,1,15,2940,2940,100.0,0.7864424738095238,2.883322499999999,5.753036000000011,13.993332717006803,18.854284549999992,21.966966360000004,301.8588775292517,385.97880254999995,400.42221290000003,9.223448155442176,12.461012399999998,15.67440309000001,325.86210087551024,413.15239375,425.03316072
primary_27,5,B,FIXED_C2,transition,1,15,16,180,98,54.44444444444444,0.4876822888888889,1.276171299999999,2.508547300000003,12.179602688888888,14.609035599999999,16.64440756000001,21.949189133333334,74.07939284999996,84.74595609,8.675698650000001,10.426844749999995,13.901235250000045,43.29217276111111,95.12173869999995,107.32061117000003
primary_27,5,B,FIXED_C2,phase_remainder,1,16,30,2520,801,31.785714285714285,0.561506846031746,1.8496495999999996,3.465775079999995,11.993364942063492,14.706354900000001,16.559364109999997,7.377589349603174,15.999443749999998,16.97549779,8.638246472619047,10.0647083,11.193457449999999,28.570707610317463,38.688373850000005,40.10715515
primary_27,5,B,FIXED_C2,transition,2,30,31,210,91,43.333333333333336,0.7700308619047619,2.2344279499999966,4.485652449999997,12.954591995238095,16.7121436,19.422589709999997,9.84268751904762,22.878231399999997,24.18987298,8.638431580952382,10.858134549999999,12.71136853,32.205741957142855,45.49714025,49.1796041
primary_27,5,B,FIXED_C2,phase_remainder,2,31,45,2940,1324,45.034013605442176,0.6981204693877552,2.4487321999999923,4.048615550000012,13.127709264965986,16.93189545,18.968944609999998,10.17275505782313,23.092848800000002,26.898902530000004,8.567688380952381,10.62780495,12.54708782000001,32.566273173129254,46.37909639999997,52.7701216600001
primary_27,5,B,FIXED_C2,transition,3,45,46,180,58,32.22222222222222,0.5275975,1.5987190999999996,2.7137265300000006,12.176759605555555,15.44379749999999,17.274981730000004,7.3328093388888895,16.0936822,16.66676276,8.420590322222221,9.850789399999998,10.58203038,28.457756766666666,39.15830355,40.926924650000004
primary_27,5,B,FIXED_C2,phase_remainder,3,46,60,2520,816,32.38095238095238,0.5575814341269841,1.885742499999998,3.2311686499999994,11.979906000793651,14.49062045,16.292012409999995,7.404226668253968,15.96884235,16.9323095,8.656361790079364,9.945489999999996,10.893625219999997,28.598075893253966,38.4546612,39.877008509999996
primary_27,5,B,FIXED_C2,K6_arrival_cohort,,,,5400,1773,32.833333333333336,0.556083857037037,1.84699255,3.29260504,11.999405183148147,14.58788105,16.541968850000003,7.874247424074074,16.20083825,24.155355190000197,8.640693488333334,10.01354375,11.138902400000001,29.070429952592594,38.7532597,45.82716292000009
primary_27,5,B,FIXED_C2,K7_arrival_cohort,,,,6300,4565,72.46031746031746,3.275354908888889,3.2513834499999965,129.062971310001,13.93565606968254,18.307727249999978,21.650485300000053,155.41815576396826,379.3397344,393.68765493,8.935136186349206,11.838598349999993,14.60883694000001,181.56430292888888,406.48954505,423.04833191
primary_28,5,B,K_LOOKUP_C2_C4,startup,0,0,1,210,210,100.0,42.88856857142857,158.4759455,184.07382202,23.3552514047619,41.02135204999998,189.66780635,135.434448,185.85794925,190.63750947999998,18.124419195238094,22.2860501,60.16383362999998,219.80268717142857,277.6484772,292.95872237000003
primary_28,5,B,K_LOOKUP_C2_C4,phase_remainder,0,1,15,2940,1523,51.802721088435376,0.9352090639455781,3.3169030499999987,5.29666424,13.697645357142857,17.98586174999999,20.94097092,11.588554707142858,67.99205849999991,123.87496719,15.122593923129251,19.230634449999997,22.13987298000001,41.344003051360545,99.64602084999997,156.0581983200001
primary_28,5,B,K_LOOKUP_C2_C4,transition,1,15,16,180,60,33.333333333333336,0.5303824277777778,1.6155480499999986,2.8772323700000033,12.298828038888889,14.721990299999996,16.61696487,7.475165822222222,15.588415299999998,16.37863746,8.59176926111111,10.2933746,10.951450850000002,28.89614555,38.5144139,40.42451035
primary_28,5,B,K_LOOKUP_C2_C4,phase_remainder,1,16,30,2520,815,32.34126984126984,0.5742861305555556,1.978017049999999,3.2182286799999993,12.200738947222222,14.774709949999995,16.85260951999999,7.337138944047618,15.927177449999999,16.79766183,8.648880536111111,10.086201249999998,11.264881739999996,28.761044557936508,38.7429791,39.97862598
primary_28,5,B,K_LOOKUP_C2_C4,transition,2,30,31,210,97,46.19047619047619,1.0307555285714287,3.4761573999999893,6.236087149999999,13.582622723809523,17.5967306,18.78198458,5.528894457142857,15.5307652,16.48889874,15.24589498095238,19.155277299999998,23.94014119,35.388167690476195,46.56924075,48.28845337
primary_28,5,B,K_LOOKUP_C2_C4,phase_remainder,2,31,45,2940,1360,46.25850340136054,0.959144943877551,3.360859599999996,5.228786500000002,13.495769571088434,17.28379025,19.273263970000002,5.511370095578231,15.344263499999999,16.678370580000013,15.006463047278912,19.050775049999995,21.370586850000013,34.97274765782313,45.7526935,48.380126180000005
primary_28,5,B,K_LOOKUP_C2_C4,transition,3,45,46,180,60,33.333333333333336,0.6251771111111111,2.7710901499999974,4.155694560000001,11.985129566666666,14.297221249999998,17.430532590000002,7.335910333333333,15.824954199999999,16.82928735,8.62177485,9.86669495,10.387766769999999,28.56799186111111,38.24435965,39.4085508
primary_28,5,B,K_LOOKUP_C2_C4,phase_remainder,3,46,60,2520,822,32.61904761904762,0.5612201543650793,1.8783875999999995,3.2371713399999993,12.087405506349207,14.563211199999994,16.220589019999995,7.342421268253968,15.772192299999997,16.75369017,8.643291167460317,9.961569249999998,11.098720909999999,28.63433809642857,38.48977465,39.82417735
primary_28,5,B,K_LOOKUP_C2_C4,K6_arrival_cohort,,,,5400,1757,32.53703703703704,0.5684215842592593,1.9336099500000004,3.294104250000004,12.143932665185185,14.67305355,16.50420235,7.344163970925926,15.851360550000003,16.788987430000002,8.643464932037038,10.02527895,11.133280500000001,28.69998315240741,38.56478345,39.92610631
primary_28,5,B,K_LOOKUP_C2_C4,K7_arrival_cohort,,,,6300,3190,50.63492063492063,2.3480093403174602,3.769403,63.414173820000016,13.92152277079365,17.991784099999997,21.690732230000037,12.67874298984127,69.68453479999984,168.45349883000014,15.172570392063493,19.35939025,22.28287382,44.12084549301587,117.68493914999978,236.98757224000028
primary_29,5,A,FIXED_C4,startup,0,0,1,180,164,91.11111111111111,21.533630844444446,118.76135499999992,132.60704243000004,19.933062938888888,27.680232849999985,161.52314398,58.17591749444445,118.77888229999998,124.72781139,17.80705251111111,26.1426177,46.64348130000002,117.44966378888888,214.77231784999992,233.16340511
primary_29,5,A,FIXED_C4,phase_remainder,0,1,15,2520,813,32.26190476190476,0.5860890678571429,1.9632097999999991,3.4660259099999986,12.13410140595238,14.774044899999998,16.70749281,4.250669699603175,14.839500249999999,16.33194818,14.160175426984127,18.498528899999993,19.819205829999998,31.131035600396828,38.971658850000004,40.65718102999999
primary_29,5,A,FIXED_C4,transition,1,15,16,210,91,43.333333333333336,0.8322650476190476,3.0070663499999917,5.136224489999997,13.62071698095238,17.0477597,19.32672004999999,5.314078633333334,14.271685849999997,15.4653675,14.643746971428572,18.097148849999996,21.253122729999994,34.410807633333334,44.39866119999999,46.90587537
primary_29,5,A,FIXED_C4,phase_remainder,1,16,30,2940,1351,45.95238095238095,0.9500309850340136,3.213400199999999,4.906440030000002,13.350456227551021,17.09177555,19.134136760000008,5.510459903061224,15.1637435,16.64421443,15.067922654761905,19.09341245,21.48765351000001,34.87886977040816,45.33952625,47.52130112000002
primary_29,5,A,FIXED_C4,transition,2,30,31,180,58,32.22222222222222,0.6002931444444445,1.8306973499999997,2.740027260000001,12.315108555555556,15.246827799999997,17.59499005000002,4.229090277777778,14.784198049999999,16.009688890000003,14.206729672222224,18.44877505,19.300972480000002,31.35122165,39.064859799999994,39.71623248
primary_29,5,A,FIXED_C4,phase_remainder,2,31,45,2520,812,32.22222222222222,0.6468159539682539,2.083878099999996,3.5714325599999994,12.07272677420635,14.53070245,16.094743049999998,4.375998233730159,15.038817549999989,16.59314109,14.187922944444445,18.418126099999995,19.58562649,31.28346390634921,38.93695345,41.01276722
primary_29,5,A,FIXED_C4,transition,3,45,46,210,99,47.142857142857146,0.9616333095238094,3.0824958499999995,4.063050229999999,13.598465371428572,18.5706161,19.509625019999998,5.252632095238095,14.9747855,16.83826483,14.819667176190476,19.239844049999984,21.972929709999995,34.632397952380956,45.714172399999995,49.30462243
primary_29,5,A,FIXED_C4,phase_remainder,3,46,60,2940,1342,45.64625850340136,0.9509111782312926,3.419006699999997,5.021009790000001,13.185434796258503,16.863969,18.97778559,5.574596339455782,15.402884749999998,17.23601369,15.022108960544218,18.967639349999995,21.84241347000002,34.733051274489796,45.27476374999999,47.77903615000001
primary_29,5,A,FIXED_C4,K6_arrival_cohort,,,,5400,1847,34.2037037037037,1.3131531431481482,2.248974400000001,7.415433210000133,12.371458867222222,15.04554935,17.78253115,6.105945294629629,15.833720950000002,84.36061676000001,14.29623864611111,18.576610149999997,20.22707988,34.08679595111111,39.88035725,151.44820126000016
primary_29,5,A,FIXED_C4,K7_arrival_cohort,,,,6300,2883,45.76190476190476,0.9469029547619048,3.2826324499999915,4.941832280000005,13.29072188952381,17.01588854999999,19.12043723,5.525249937460317,15.252371799999995,16.907648670000004,15.024128558730158,19.01754734999999,21.65172828,34.78700334047619,45.31630625,47.727670610000004
primary_30,5,B,FIXED_C4,startup,0,0,1,210,210,100.0,86.2628724952381,246.6078655,256.76826371,29.926305704761905,35.663226049999984,289.37221909,184.23236297142859,245.75957384999998,248.97657587999998,18.264972980952383,24.781769399999988,56.90675452999995,318.68651415238094,366.99818259999995,379.35285212
primary_30,5,B,FIXED_C4,phase_remainder,0,1,15,2940,1605,54.59183673469388,0.9809369799319728,3.489445899999999,5.596503480000012,13.718041092176872,18.08767194999999,20.223965210000003,24.043357027210885,164.15137055,223.9757473300001,15.203658937414966,19.256026999999996,21.761792650000004,53.945994036734696,196.47355399999992,256.52407422000005
primary_30,5,B,FIXED_C4,transition,1,15,16,180,56,31.11111111111111,0.5839637055555555,2.0177391499999997,3.1362696400000005,12.288142611111113,14.9477271,16.54188375,4.184609388888889,15.125301599999998,17.032358840000004,14.107338361111111,19.099965349999994,20.353860949999998,31.164054066666665,39.5535084,41.07964411
primary_30,5,B,FIXED_C4,phase_remainder,1,16,30,2520,812,32.22222222222222,0.5840890833333334,2.100005449999996,3.653067899999999,12.187367723809524,14.809896349999999,16.872228579999998,4.234890567460317,14.647439749999997,16.230696209999998,14.15159863095238,18.3672138,19.55083334,31.157946005555555,38.754522349999995,40.12381516999999
primary_30,5,B,FIXED_C4,transition,2,30,31,210,102,48.57142857142857,1.144650780952381,3.6882831499999997,5.03824209,13.243205819047619,16.992141299999997,19.082102539999994,5.837332642857143,15.327569499999992,18.51540737,15.219653985714286,19.127714649999994,21.449037530000002,35.44484322857143,45.3119535,52.42840711999999
primary_30,5,B,FIXED_C4,phase_remainder,2,31,45,2940,1348,45.85034013605442,0.9940426632653061,3.5243495999999954,5.377141120000017,13.379657616666668,17.121607299999997,19.02588721,5.488875950000001,15.1589411,17.083942130000004,14.9911808,18.919443099999995,21.15508912,34.85375702993197,45.4612056,48.40917996000001
primary_30,5,B,FIXED_C4,transition,3,45,46,180,58,32.22222222222222,0.5941958388888889,1.8753204499999998,2.648368450000003,11.855477538888888,14.31088725,15.449015750000008,4.385152055555556,15.786912999999997,16.932606030000002,14.124144727777777,18.7016098,19.41213616,30.95897016111111,38.47529935,39.32940005
primary_30,5,B,FIXED_C4,phase_remainder,3,46,60,2520,828,32.857142857142854,0.5937567996031745,2.047758599999997,3.537795449999997,12.180839622222223,14.685097049999992,16.38408738,4.312592946031747,14.984313799999997,16.353208609999996,14.143244406349206,18.393716050000002,19.839800559999997,31.230433774206347,38.96578315,40.56626548
primary_30,5,B,FIXED_C4,K6_arrival_cohort,,,,5400,1754,32.48148148148148,0.5889333968518519,2.0581389500000005,3.6014077200000014,12.176617433148147,14.7574202,16.687486,4.274484354444444,14.86315525,16.40373216000001,14.14530952037037,18.419582300000002,19.800603710000004,31.185344704814813,38.8795648,40.39373292000001
primary_30,5,B,FIXED_C4,K7_arrival_cohort,,,,6300,3265,51.82539682539682,3.8352412760317462,4.214773749999999,139.33637785000033,14.08457644825397,18.283716549999998,25.785553590000045,20.1173652431746,153.08525009999968,236.72641819999998,15.207079443015873,19.2093903,21.93572944000001,53.244262410476196,220.38003339999912,339.34131635000017
